/*
Realizado por 
- Diego Cardenas 
- Jeimy Yaya
*/

-- use neeps;

-- CREATE TABLES

CREATE TABLE staff(
    id varchar(20),
    name varchar(50) NOT NULL
);

CREATE TABLE modle(
    id varchar(20) NOT NULL,
    name varchar(50)
);

CREATE TABLE event(
    id varchar(20),
    modle varchar(50) NOT NULL,
    kind char(1) NOT NULL,
    dow varchar(15) NOT NULL,
    tod char(5) NOT NULL,
    duration int NOT NULL,
    room varchar(20)
);

CREATE TABLE teaches(
    staff varchar(20) NOT NULL,
    event varchar(20) NOT NULL
);

CREATE TABLE occurs(
    event varchar(20) NOT NULL,
    week varchar(20) NOT NULL
);

/*---------------------------------------------Atributos, Primarias, unicas, Foraneas---------------------------------------------*/
/*---------------------------------------------PRIMARY KEY---------------------------------------------*/
/*------------------------staff------------------------*/
ALTER TABLE staff ADD PRIMARY KEY(id);
ALTER TABLE staff MODIFY name varchar(50) NOT NULL;
/*------------------------modle------------------------*/
ALTER TABLE modle ADD PRIMARY KEY(id);
/*------------------------event------------------------*/
ALTER TABLE event ADD PRIMARY KEY (id);
/*------------------------teaches------------------------*/
ALTER TABLE teaches ADD PRIMARY KEY(staff,event);
/*------------------------teaches------------------------*/
ALTER TABLE occurs ADD PRIMARY KEY(event,week);

/*---------------------------------------------Unicas---------------------------------------------*/
/*------------------------modle------------------------*/
ALTER TABLE modle ADD UNIQUE(name);

/*---------------------------------------------Foraneas---------------------------------------------*/
/*------------------------event------------------------*/
ALTER TABLE event ADD FOREIGN KEY (modle) REFERENCES modle(id);
/*------------------------teaches------------------------*/
ALTER TABLE teaches ADD FOREIGN KEY (staff) REFERENCES staff(id);
ALTER TABLE teaches ADD FOREIGN KEY (event) REFERENCES event(id);
/*------------------------occurs------------------------*/
ALTER TABLE occurs ADD FOREIGN KEY (event) REFERENCES event(id);

/*---------------------------------------------POBLAR_OK---------------------------------------------*/
/*--------------------------------staff-------------------------------*/
INSERT INTO staff VALUES('co.ACg','Cumming Andrew');
INSERT INTO staff VALUES('co.ACr','Crerar Dr Alison');
INSERT INTO staff VALUES('co.AFA','Armitage Dr Alistair');
INSERT INTO staff VALUES('co.AG','Groat Anne');
INSERT INTO staff VALUES('co.AL','Lawson Alistair');
INSERT INTO staff VALUES('co.AMn','Maclean Aileen');
INSERT INTO staff VALUES('co.ASc','Scott Andrea');
INSERT INTO staff VALUES('co.ASr','Soutar Alastair');
INSERT INTO staff VALUES('co.AV','Varey Alison');
INSERT INTO staff VALUES('co.BB','Buchanan Dr Wm');
INSERT INTO staff VALUES('co.BC','Cowan Bruce');
INSERT INTO staff VALUES('co.BD','Dupee Dr Brian');
INSERT INTO staff VALUES('co.BDR','Ritchie Bryden');
INSERT INTO staff VALUES('co.BP','Paechter Ben');
INSERT INTO staff VALUES('co.CAD','Clem Douglas');
INSERT INTO staff VALUES('co.CAR','Rickard Anne');
INSERT INTO staff VALUES('co.CG','Gregory Chris');
INSERT INTO staff VALUES('co.CHd','Hand Chris');
INSERT INTO staff VALUES('co.CHt','Hastie Colin');
INSERT INTO staff VALUES('co.CM','Macaulay Catriona');
INSERT INTO staff VALUES('co.CMD','Dougal Colin');
INSERT INTO staff VALUES('co.DB','Benyon Prof David');
INSERT INTO staff VALUES('co.ED','Davenport Lissie');
INSERT INTO staff VALUES('co.EH','Hart Emma');
INSERT INTO staff VALUES('co.FG','Greig Frank');
INSERT INTO staff VALUES('co.GM','McCarra Greg');
INSERT INTO staff VALUES('co.GR','Russell Dr Gordon');
INSERT INTO staff VALUES('co.GS','Scott Graham');
INSERT INTO staff VALUES('co.HH','Hall Hazel');
INSERT INTO staff VALUES('co.IM','McGregor Iain');
INSERT INTO staff VALUES('co.IS','Smith Ian');
INSERT INTO staff VALUES('co.JB','Jyoti Bhardwaj');
INSERT INTO staff VALUES('co.JJ','Jackson Jim');
INSERT INTO staff VALUES('co.JKg','Kerridge Prof Jon');
INSERT INTO staff VALUES('co.JKy','Kennedy Jessie');
INSERT INTO staff VALUES('co.JMc','McGowan Joyce');
INSERT INTO staff VALUES('co.JMy','Murray Jim');
INSERT INTO staff VALUES('co.JMz','Munoz Dr Jose');
INSERT INTO staff VALUES('co.JO','Owens Dr John');
INSERT INTO staff VALUES('co.JSv','Savage Dr John');
INSERT INTO staff VALUES('co.KB','Barclay Ken');
INSERT INTO staff VALUES('co.KC','Chisholm Ken');
INSERT INTO staff VALUES('co.KH','Horton Keith');
INSERT INTO staff VALUES('co.LM','Morss Dr Les');
INSERT INTO staff VALUES('co.LS','Shearey Lyn');
INSERT INTO staff VALUES('co.MR','Rutter Malcolm');
INSERT INTO staff VALUES('co.MS','Smyth Michael');
INSERT INTO staff VALUES('co.PTh','Thompson Peter');
INSERT INTO staff VALUES('co.PTr','Turner Phil');
INSERT INTO staff VALUES('co.RB','Bain Dr Bob');
INSERT INTO staff VALUES('co.RD','Donald Robert');
INSERT INTO staff VALUES('co.RK','Kemmer Rob');
INSERT INTO staff VALUES('co.RM','McCall Rod');
INSERT INTO staff VALUES('co.RR','Rankin Bob');
INSERT  INTO staff VALUES('co.SC','Cairncross Sandra');
INSERT INTO staff VALUES('co.SL','Lawson Shaun');
INSERT INTO staff VALUES('co.SM','Mathieson Stuart');
INSERT INTO staff VALUES('co.SR','Raeburn Scott');
INSERT INTO staff VALUES('co.SRM','Middleton Steve');
INSERT INTO staff VALUES('co.SS','Smith Sally');
INSERT INTO staff VALUES('co.ST','Turner Susan');
INSERT INTO staff VALUES('co.TG','Goh Teo');
INSERT INTO staff VALUES('co.TMc','McEwan Tom');
INSERT INTO staff VALUES('co.TMu','Musson Tim');
INSERT INTO staff VALUES('co.TP','Peng Taoxin');
INSERT INTO staff VALUES('co.XL','Lui Xiaodong');
INSERT INTO staff VALUES('co.ZZ1','z TBA1');
INSERT INTO staff VALUES('co.ZZ2','z TBA2');
INSERT INTO staff VALUES('co.ZZ4','z TBA4');
INSERT INTO staff VALUES('co.ZZ5','z TBA5');
INSERT INTO staff VALUES('co.ZZ6','z TBA6');
INSERT INTO staff VALUES('co.ZZ7','z TBA7');
INSERT INTO staff VALUES('co.ZZ8','z TBA8');

/*--------------------------------modle-------------------------------O*/
INSERT INTO modle VALUES('co12001','Rapid Application Development');
INSERT INTO modle VALUES('co12002','Software Development 1A');
INSERT INTO modle VALUES('co12003','Professional Skills');
INSERT INTO modle VALUES('co12004','Applications Workshop');
INSERT INTO modle VALUES('co12005','Software Development 1B');
INSERT INTO modle VALUES('co12006','Computer Systems');
INSERT INTO modle VALUES('co12008','Word Processing and Spreadsheets Elective');
INSERT INTO modle VALUES('co12009','Information Systems 1a');
INSERT INTO modle VALUES('co12010','Software Development C');
INSERT INTO modle VALUES('co12011','Software Development in C');
INSERT INTO modle VALUES('co12012','Using Electronic Communication Effectively');
INSERT INTO modle VALUES('co12021','Using Electronic Communication Effectively');
INSERT INTO modle VALUES('co2.cs22006','');
INSERT INTO modle VALUES('co22001','Database Systems');
INSERT INTO modle VALUES('co22002','Software Development');
INSERT INTO modle VALUES('co22003','Computer Systems');
INSERT INTO modle VALUES('co22004','Software Engineering');
INSERT INTO modle VALUES('co22005','Human Computer Interaction');
INSERT INTO modle VALUES('co22006','Algorithms and Data Structures');
INSERT INTO modle VALUES('co22007','Web Development');
INSERT INTO modle VALUES('co22008','Introduction to Databases');
INSERT INTO modle VALUES('co22009','Software Development (Bridging)');
INSERT INTO modle VALUES('co22020','Window NT Elective');
INSERT INTO modle VALUES('co22022','Programming C++');
INSERT INTO modle VALUES('co32001','Very Large Databases');
INSERT INTO modle VALUES('co32002','Customer Centred Design');
INSERT INTO modle VALUES('co32003','Multimedia Technology');
INSERT INTO modle VALUES('co32004','Multimedia Development Methods');
INSERT INTO modle VALUES('co32005','Multimedia Systems Design');
INSERT INTO modle VALUES('co32006','Computer Networks and Distributed Systems');
INSERT INTO modle VALUES('co32007','Design Patterns');
INSERT INTO modle VALUES('co32008','Computer Interfacing');
INSERT INTO modle VALUES('co32010','Network Operating Systems');
INSERT INTO modle VALUES('co32011','Visual Components and Systems Integration');
INSERT INTO modle VALUES('co32013','Embedded Systems');
INSERT INTO modle VALUES('co32014','Computers and Innovation Process');
INSERT INTO modle VALUES('co32015','Frameworks');
INSERT INTO modle VALUES('co32016','Group Project');
INSERT INTO modle VALUES('co32017','Internet Programming');
INSERT INTO modle VALUES('co32018','Internet Programming 3');
INSERT INTO modle VALUES('co32020','Professional Studies');
INSERT INTO modle VALUES('co32021','Group Project');
INSERT INTO modle VALUES('co32023','Systems Engineering 3');
INSERT INTO modle VALUES('co32993','Human Computer Interaction 3');
INSERT INTO modle VALUES('co32M19','Management of Industrial Organisations');
INSERT INTO modle VALUES('co32XX5','Systems Engineering 3');
INSERT INTO modle VALUES('co42001','Virtual Environments');
INSERT INTO modle VALUES('co42002','Multimedia Technology');
INSERT INTO modle VALUES('co42004','Media Computing');
INSERT INTO modle VALUES('co42005','Computer Supported Cooperative Working');
INSERT INTO modle VALUES('co42006','Human Computer Interaction 4');
INSERT INTO modle VALUES('co42007','Evolutionary Computing');
INSERT INTO modle VALUES('co42008','');
INSERT INTO modle VALUES('co42009','Object Oriented Databases');
INSERT INTO modle VALUES('co42010','Languages and Algorithms');
INSERT INTO modle VALUES('co42011','Computers and Society');
INSERT INTO modle VALUES('co42012','Software Architectures');
INSERT INTO modle VALUES('co42013','Safety Critical Systems');
INSERT INTO modle VALUES('co42014','Software Management');
INSERT INTO modle VALUES('co42015','Advanced Distributed Systems');
INSERT INTO modle VALUES('co42018','Real Time Software Engineering');
INSERT INTO modle VALUES('co42019','Project');
INSERT INTO modle VALUES('co42022','Internet Application Development');
INSERT INTO modle VALUES('co71021','Research Skills');
INSERT INTO modle VALUES('co71022','Distributed Systems');
INSERT INTO modle VALUES('co72001','Introduction to Software Development');
INSERT INTO modle VALUES('co72002','Computer Systems');
INSERT INTO modle VALUES('co72003','Application Development');
INSERT INTO modle VALUES('co72004','Software Development');
INSERT INTO modle VALUES('co72005','Internet Multimedia');
INSERT INTO modle VALUES('co72006','Object Oriented Software Technology 1');
INSERT INTO modle VALUES('co72010','Database systems');
INSERT INTO modle VALUES('co72011','Interactivity and the Internet');
INSERT INTO modle VALUES('co72012','COBOL');
INSERT INTO modle VALUES('co72016','Distributed Systems');
INSERT INTO modle VALUES('co72017','Object Oriented Programming');
INSERT INTO modle VALUES('co72018','Software Development 2');
INSERT INTO modle VALUES('co72021','Object Oriented Software Technology');
INSERT INTO modle VALUES('co72026','Very Large Databases');
INSERT INTO modle VALUES('co72033','Human Computer Interaction');
INSERT INTO modle VALUES('co72MMT','Multimedia Technology');
INSERT INTO modle VALUES('coA6GD04','Using IT in Businesss DBWP');
INSERT INTO modle VALUES('coA6GF04','Business Information Management');
INSERT INTO modle VALUES('coh2451847','Microprocessor Fundamentals');
INSERT INTO modle VALUES('coh6412255','Project Management');
INSERT INTO modle VALUES('coh641255','Project Management');
INSERT INTO modle VALUES('coh7400350','Communications Skills');
INSERT INTO modle VALUES('coh8412465','Computer Applications');
INSERT INTO modle VALUES('coh8412475','Database');
INSERT INTO modle VALUES('coh8412505','IT Applications');
INSERT INTO modle VALUES('coh8412545','Multi User OS');
INSERT INTO modle VALUES('coh8412555','Multimedia Technology');
INSERT INTO modle VALUES('coh8412575','Providing Support to Users');
INSERT INTO modle VALUES('coh8412585','System Development Life Cycle');
INSERT INTO modle VALUES('coh8412595','Object Oriented Applications');
INSERT INTO modle VALUES('coh8412605','Standalone CS support');
INSERT INTO modle VALUES('coh8412615','Systems Development, Introduction');
INSERT INTO modle VALUES('coh8412625','Event Driven Language');
INSERT INTO modle VALUES('coh8412635','Procedural Languages COBOL');
INSERT INTO modle VALUES('coh8413618','Block Structured Programming');
INSERT INTO modle VALUES('coh8413638','4th Generation Environments');
INSERT INTO modle VALUES('coh8413758','OO Analysis and Design');
INSERT INTO modle VALUES('coh8520864','Engineering Programming');
INSERT INTO modle VALUES('coh8521005','Structured Systems Analysis and Design');
INSERT INTO modle VALUES('coh8560085','');
INSERT INTO modle VALUES('coh8560095','Information Systems and Services');

/*--------------------------------event-------------------------------OKK*/
INSERT INTO event VALUES('co12004.L01','co12004','L','Wednesday','11:00',1,'cr.SMH');
INSERT INTO event VALUES('co12004.L02','co12004','L','Monday','17:00',1,'cr.B13');
INSERT INTO event VALUES('co12004.T01','co12004','T','Monday','11:00',2,'co.G78+G82');
INSERT INTO event VALUES('co12004.T02','co12004','T','Tuesday','15:00',2,'co.B7');
INSERT INTO event VALUES('co12004.T03','co12004','T','Tuesday','13:00',2,'co.G78+G82');
INSERT INTO event VALUES('co12004.T04','co12004','T','Wednesday','13:00',2,'co.LB42+LB46');
INSERT INTO event VALUES('co12004.T05','co12004','T','Wednesday','09:00',2,'co.117+118');
INSERT INTO event VALUES('co12004.T06','co12004','T','Tuesday','13:00',2,'co.LB47');
INSERT INTO event VALUES('co12005.L01','co12005','L','Monday','14:00',1,'cr.SMH');
INSERT INTO event VALUES('co12005.L02','co12005','L','Friday','10:00',1,'cr.SMH');
INSERT INTO event VALUES('co12005.T01','co12005','T','Tuesday','11:00',2,'co.G78+G82');
INSERT INTO event VALUES('co12005.T02','co12005','T','Monday','11:00',2,'cr.G90+116');
INSERT INTO event VALUES('co12005.T03','co12005','T','Tuesday','10:00',2,'co.LB47');
INSERT INTO event VALUES('co12005.T04','co12005','T','Wednesday','14:00',2,'co.B7');
INSERT INTO event VALUES('co12005.T05','co12005','T','Monday','15:00',2,'co.117+118');
INSERT INTO event VALUES('co12006.L01','co12006','L','Wednesday','10:00',1,'cr.SMH');
INSERT INTO event VALUES('co12006.L02','co12006','L','Thursday','09:00',2,'cr.G6');
INSERT INTO event VALUES('co12006.L03','co12006','L','Wednesday','13:00',1,'cr.SMH');
INSERT INTO event VALUES('co12006.T01','co12006','T','Tuesday','14:00',2,'co.LB42+LB46');
INSERT INTO event VALUES('co12006.T02','co12006','T','Thursday','13:00',2,'co.G82');
INSERT INTO event VALUES('co12006.T03','co12006','T','Monday','15:00',2,'co.LB47');
INSERT INTO event VALUES('co12006.T04','co12006','T','Monday','11:00',2,'co.LB42+LB46');
INSERT INTO event VALUES('co12006.T05','co12006','T','Monday','09:00',2,'co.117+118');
INSERT INTO event VALUES('co12006.T06','co12006','T','Thursday','14:00',2,'co.117+118');
INSERT INTO event VALUES('co12008.L01','co12008','L','Tuesday','11:00',2,'co.G74');
INSERT INTO event VALUES('co12008.T01','co12008','T','Monday','13:00',2,'cr.G90+116');
INSERT INTO event VALUES('co12008.T02','co12008','T','Friday','14:00',2,'cr.G90+116');
INSERT INTO event VALUES('co12011.L01','co12011','L','Monday','09:00',2,'cr.G3');
INSERT INTO event VALUES('co12011.T01','co12011','T','Thursday','13:00',2,'co.LB47');
INSERT INTO event VALUES('co12012.L01','co12012','L','Wednesday','12:00',1,'cr.B10');
INSERT INTO event VALUES('co12012.T01','co12012','T','Wednesday','13:00',2,'co.G75+G76');
INSERT INTO event VALUES('co22005.L01','co22005','L','Thursday','12:00',2,'cr.SMH');
INSERT INTO event VALUES('co22005.T01','co22005','T','Thursday','14:00',1,'cr.G116');
INSERT INTO event VALUES('co22005.T02','co22005','T','Wednesday','13:00',1,'co.B7');
INSERT INTO event VALUES('co22005.T03','co22005','T','Wednesday','11:00',1,'co.G78+G82');
INSERT INTO event VALUES('co22005.T04','co22005','T','Tuesday','09:00',1,'co.LB42+LB46');
INSERT INTO event VALUES('co22005.T05','co22005','T','Friday','09:00',1,'cr.B8');
INSERT INTO event VALUES('co22005.T06','co22005','T','Wednesday','11:00',1,'cr.B8');
INSERT INTO event VALUES('co22005.T07','co22005','T','Wednesday','14:00',1,'cr.B2');
INSERT INTO event VALUES('co22005.T08','co22005','T','Tuesday','11:00',1,'cr.B2');
INSERT INTO event VALUES('co22005.T09','co22005','T','Thursday','16:00',1,'co.G78+G82');
INSERT INTO event VALUES('co22005.T10','co22005','T','Friday','10:00',1,'cr.B13');
INSERT INTO event VALUES('co22006.L01','co22006','L','Friday','15:00',2,'cr.B1');
INSERT INTO event VALUES('co22006.L02','co22006','L','Thursday','10:00',1,'cr.G2');
INSERT INTO event VALUES('co22006.L03','co22006','L','Thursday','15:00',1,'cr.G3');
INSERT INTO event VALUES('co22006.T01','co22006','T','Monday','13:00',2,'co.LB47');
INSERT INTO event VALUES('co22006.T02','co22006','T','Monday','15:00',2,'co.LB46');
INSERT INTO event VALUES('co22006.T03','co22006','T','Monday','15:00',2,'cr.G90+116');
INSERT INTO event VALUES('co22006.T04','co22006','T','Wednesday','15:00',2,'co.G78+G82');
INSERT INTO event VALUES('co22007.L01','co22007','L','Monday','09:00',2,'cr.SMH');
INSERT INTO event VALUES('co22007.T01','co22007','T','Friday','11:00',2,'co.LB47');
INSERT INTO event VALUES('co22007.T02','co22007','T','Monday','13:00',2,'co.B7');
INSERT INTO event VALUES('co22007.T03','co22007','T','Tuesday','10:00',2,'co.B7');
INSERT INTO event VALUES('co22007.T04','co22007','T','Tuesday','15:00',2,'co.LB47');
INSERT INTO event VALUES('co22007.T05','co22007','T','Thursday','17:00',1,'co.B7');
INSERT INTO event VALUES('co22007.T06','co22007','T','Thursday','14:00',2,'co.B7');
INSERT INTO event VALUES('co22008.L01','co22008','L','Thursday','15:00',2,'');
INSERT INTO event VALUES('co22008.L02','co22008','L','Tuesday','18:00',2,'cr.G3');
INSERT INTO event VALUES('co22008.T01','co22008','T','Tuesday','13:00',1,'');
INSERT INTO event VALUES('co22008.T02','co22008','T','Tuesday','20:00',1,'co.117');
INSERT INTO event VALUES('co22008.T03','co22008','T','Wednesday','09:00',1,'');
INSERT INTO event VALUES('co22008.T04','co22008','T','Tuesday','12:00',1,'co.117+118');
INSERT INTO event VALUES('co22008.T05','co22008','T','Thursday','17:00',1,'');
INSERT INTO event VALUES('co22009.L01','co22009','L','Wednesday','12:00',2,'cr.132');
INSERT INTO event VALUES('co22009.T01','co22009','T','Wednesday','15:00',2,'cr.G90+116');
INSERT INTO event VALUES('co22009.T02','co22009','T','Wednesday','09:00',2,'cr.G90');
INSERT INTO event VALUES('co22020.L01','co22020','L','Friday','13:00',2,'cr.B1');
INSERT INTO event VALUES('co22020.T01','co22020','T','Thursday','12:00',2,'');
INSERT INTO event VALUES('co22020.T02','co22020','T','Friday','15:00',2,'');
INSERT INTO event VALUES('co22020.T03','co22020','T','Tuesday','13:00',2,'');
INSERT INTO event VALUES('co22020.T04','co22020','T','Friday','11:00',2,'co.LB47');
INSERT INTO event VALUES('co22020.T05','co22020','T','Friday','09:00',2,'');
INSERT INTO event VALUES('co22022.L01','co22022','L','Friday','10:00',2,'cr.B8');
INSERT INTO event VALUES('co22022.T01','co22022','T','Friday','09:00',1,'cr.G90+116');
INSERT INTO event VALUES('co32003.L01','co32003','L','Tuesday','13:00',2,'cr.G6');
INSERT INTO event VALUES('co32003.T01','co32003','T','Friday','11:00',1,'co.G78+G82');
INSERT INTO event VALUES('co32005.L01','co32005','L','Friday','15:00',2,'cr.B2');
INSERT INTO event VALUES('co32005.T04','co32005','T','Wednesday','10:00',1,'co.B7');
INSERT INTO event VALUES('co32005.T05','co32005','T','Thursday','12:00',1,'co.LB46');
INSERT INTO event VALUES('co32011.L01','co32011','L','Thursday','11:00',1,'cr.SMH');
INSERT INTO event VALUES('co32011.L02','co32011','L','Thursday','13:00',1,'cr.B1');
INSERT INTO event VALUES('co32011.T01','co32011','T','Thursday','12:00',1,'co.G75+G76');
INSERT INTO event VALUES('co32011.T02','co32011','T','Tuesday','10:00',1,'co.G78+G82');
INSERT INTO event VALUES('co32011.T03','co32011','T','Tuesday','11:00',1,'co.LB42+LB46');
INSERT INTO event VALUES('co32014.L01','co32014','L','Tuesday','14:00',2,'cr.B1');
INSERT INTO event VALUES('co32014.T01','co32014','T','Wednesday','09:00',1,'cr.G80');
INSERT INTO event VALUES('co32014.T02','co32014','T','Monday','16:00',1,'cr.131');
INSERT INTO event VALUES('co32014.T03','co32014','T','Tuesday','16:00',1,'cr.B13');
INSERT INTO event VALUES('co32015.L01','co32015','L','Tuesday','13:00',2,'cr.204');
INSERT INTO event VALUES('co32015.T01','co32015','T','Friday','14:00',1,'co.117+118');
INSERT INTO event VALUES('co32016.L01','co32016','L','Tuesday','12:00',1,'cr.B1');
INSERT INTO event VALUES('co32018.L01','co32018','L','Tuesday','09:00',2,'cr.132');
INSERT INTO event VALUES('co32018.T01','co32018','T','Friday','13:00',1,'cr.G90+116');
INSERT INTO event VALUES('co32021.L01','co32021','L','Wednesday','09:00',1,'cr.132');
INSERT INTO event VALUES('co32023.L01','co32023','L','Monday','11:00',2,'cr.B11');
INSERT INTO event VALUES('co32023.T01','co32023','T','Wednesday','12:00',1,'cr.G3');
INSERT INTO event VALUES('co42001.L01','co42001','L','Wednesday','14:00',2,'cr.G6');
INSERT INTO event VALUES('co42001.T01','co42001','T','Thursday','16:00',1,'co.LB42+LB46');
INSERT INTO event VALUES('co42002.L01','co42002','L','Tuesday','15:00',2,'cr.131');
INSERT INTO event VALUES('co42002.T01','co42002','T','Tuesday','13:00',1,'co.B7');
INSERT INTO event VALUES('co42005.L01','co42005','L','Tuesday','10:00',2,'cr.131');
INSERT INTO event VALUES('co42005.T01','co42005','T','Thursday','15:00',1,'co.LB47');
INSERT INTO event VALUES('co42009.L01','co42009','L','Monday','14:00',2,'cr.B8');
INSERT INTO event VALUES('co42009.T01','co42009','T','Friday','13:00',1,'co.117+118');
INSERT INTO event VALUES('co42010.L01','co42010','L','Thursday','15:00',2,'cr.132');
INSERT INTO event VALUES('co42010.T01','co42010','T','Tuesday','12:00',1,'cr.G90+116');
INSERT INTO event VALUES('co42010.T02','co42010','T','Thursday','17:00',1,'co.117+118');
INSERT INTO event VALUES('co42013.L01','co42013','L','Thursday','09:00',2,'cr.B2');
INSERT INTO event VALUES('co42013.T01','co42013','T','Thursday','11:00',1,'co.G78+G82');
INSERT INTO event VALUES('co42015.L01','co42015','L','Tuesday','16:00',2,'cr.G80');
INSERT INTO event VALUES('co42015.T01','co42015','T','Thursday','10:00',1,'co.G75+G76');
INSERT INTO event VALUES('co42019.L01','co42019','L','Friday','16:00',1,'cr.SMH');
INSERT INTO event VALUES('co42022.L01','co42022','L','Thursday','13:00',2,'cr.B9');
INSERT INTO event VALUES('co42022.T01','co42022','T','Thursday','11:00',1,'co.117+118');
INSERT INTO event VALUES('co72002.L01','co72002','L','Monday','10:00',2,'cr.B12');
INSERT INTO event VALUES('co72002.T01','co72002','T','Monday','12:00',1,'co.LB47');
INSERT INTO event VALUES('co72003.L01','co72003','L','Monday','14:00',2,'cr.B12');
INSERT INTO event VALUES('co72003.T01','co72003','T','Monday','16:00',1,'co.LB42');
INSERT INTO event VALUES('co72004.L01','co72004','L','Thursday','13:00',2,'cr.203');
INSERT INTO event VALUES('co72004.T01','co72004','T','Thursday','15:00',1,'cr.G116');
INSERT INTO event VALUES('co72006.L01','co72006','L','Wednesday','09:00',2,'cr.B11');
INSERT INTO event VALUES('co72006.T01','co72006','T','Wednesday','12:00',1,'co.G75+G76');
INSERT INTO event VALUES('co72011.L01','co72011','L','Monday','15:00',2,'cr.SMH');
INSERT INTO event VALUES('co72011.T01','co72011','T','Friday','09:00',1,'co.B7');
INSERT INTO event VALUES('co72011.T02','co72011','T','Monday','13:00',1,'co.LB46');
INSERT INTO event VALUES('co72011.T03','co72011','T','Thursday','13:00',1,'co.LB46');
INSERT INTO event VALUES('co72011.T04','co72011','T','Monday','14:00',1,'co.LB46');
INSERT INTO event VALUES('co72011.T05','co72011','T','Friday','09:00',1,'cr.B10');
INSERT INTO event VALUES('co72011.T06','co72011','T','Monday','13:00',1,'cr.B10');
INSERT INTO event VALUES('co72011.T07','co72011','T','Thursday','13:00',1,'cr.B10');
INSERT INTO event VALUES('co72011.T08','co72011','T','Monday','14:00',1,'cr.B10');
INSERT INTO event VALUES('co72011.T09','co72011','T','Friday','13:00',1,'co.LB47');
INSERT INTO event VALUES('co72012.L01','co72012','L','Thursday','09:00',2,'cr.B1');
INSERT INTO event VALUES('co72012.T01','co72012','T','Friday','12:00',1,'co.LB42+LB46');
INSERT INTO event VALUES('co72012.T02','co72012','T','Wednesday','12:00',1,'cr.G90+116');
INSERT INTO event VALUES('co72012.T03','co72012','T','Thursday','12:00',1,'co.G78+G82');
INSERT INTO event VALUES('co72013.L01','co72010','L','Wednesday','14:00',2,'cr.SMH');
INSERT INTO event VALUES('co72013.L02','co72010','L','Tuesday','09:00',2,'cr.B8');
INSERT INTO event VALUES('co72013.T01','co72010','T','Wednesday','09:00',1,'co.B7');
INSERT INTO event VALUES('co72013.T02','co72010','T','Tuesday','12:00',1,'co.LB42+LB46');
INSERT INTO event VALUES('co72013.T03','co72010','T','Tuesday','11:00',1,'co.G75+G76');
INSERT INTO event VALUES('co72013.T04','co72010','T','Wednesday','16:00',1,'co.LB42+LB46');
INSERT INTO event VALUES('co72013.T05','co72010','T','Thursday','10:00',1,'co.LB42+LB46');
INSERT INTO event VALUES('co72013.T06','co72010','T','Wednesday','13:00',1,'co.117+118');
INSERT INTO event VALUES('co72016.L01','co72016','L','Tuesday','10:00',2,'cr.B13');
INSERT INTO event VALUES('co72016.T01','co72016','T','Tuesday','09:00',1,'co.G75+G76');
INSERT INTO event VALUES('co72017.L01','co72017','L','Tuesday','10:00',2,'cr.202');
INSERT INTO event VALUES('co72017.T01','co72017','T','Friday','11:00',1,'co.G75+G76');
INSERT INTO event VALUES('co72018.L01','co72018','L','Thursday','11:00',2,'cr.B1');
INSERT INTO event VALUES('co72018.T01','co72018','T','Thursday','10:00',1,'co.G78+G82');
INSERT INTO event VALUES('co72018.T02','co72018','T','Monday','12:00',1,'co.B7');
INSERT INTO event VALUES('co72021.L01','co72021','L','Tuesday','13:00',2,'cr.SMH');
INSERT INTO event VALUES('co72021.T01','co72021','T','Monday','14:00',1,'co.LB42');
INSERT INTO event VALUES('co72023.L01','co72005','L','Friday','14:00',2,'cr.SMH');
INSERT INTO event VALUES('co72023.L02','co72005','L','Tuesday','18:00',2,'cr.131');
INSERT INTO event VALUES('co72023.T01','co72005','T','Thursday','14:00',1,'co.LB46');
INSERT INTO event VALUES('co72023.T02','co72005','T','Thursday','16:00',1,'co.B7');
INSERT INTO event VALUES('co72023.T03','co72005','T','Thursday','11:00',1,'co.B7');
INSERT INTO event VALUES('co72023.T04','co72005','T','Friday','16:00',1,'co.B7');
INSERT INTO event VALUES('co72023.T05','co72005','T','Friday','17:00',1,'co.B7');
INSERT INTO event VALUES('co72023.T06','co72005','T','Tuesday','20:00',1,'co.B7');
INSERT INTO event VALUES('co72026.L01','co72026','L','Monday','15:00',2,'cr.G6');
INSERT INTO event VALUES('co72026.L02','co72026','L','Tuesday','18:00',2,'cr.201');
INSERT INTO event VALUES('co72026.T01','co72026','T','Monday','13:00',1,'co.117+118');
INSERT INTO event VALUES('co72026.T02','co72026','T','Tuesday','20:00',1,'co.LB42');
INSERT INTO event VALUES('co72033.L01','co72033','L','Tuesday','14:00',2,'cr.132');
INSERT INTO event VALUES('co72033.T01','co72033','T','Tuesday','16:00',1,'co.G78+G82');
INSERT INTO event VALUES('coh2451.L01','coh2451847','L','Wednesday','11:00',1,'cr.B13');
INSERT INTO event VALUES('coh2451.T01','coh2451847','T','Wednesday','09:00',2,'');
INSERT INTO event VALUES('coh6412255.L01','coh6412255','L','Monday','09:00',1,'cr.204');
INSERT INTO event VALUES('coh6412255.T01','coh6412255','T','Wednesday','15:00',2,'cr.B10');
INSERT INTO event VALUES('coh8412555.L01','coh8412555','L','Wednesday','09:00',1,'cr.B2');
INSERT INTO event VALUES('coh8412555.L02','coh8412555','L','Thursday','09:00',1,'cr.G80');
INSERT INTO event VALUES('coh8412555.T01','coh8412555','T','Thursday','16:00',2,'cr.G90+116');
INSERT INTO event VALUES('coh8412555.T02','coh8412555','T','Tuesday','09:00',2,'co.117+118');
INSERT INTO event VALUES('coh8412575.L01','coh8412575','L','Wednesday','11:00',2,'cr.B2');
INSERT INTO event VALUES('coh8412575.T01','coh8412575','T','Tuesday','14:00',2,'co.G75+G76');
INSERT INTO event VALUES('coh8412575.T02','coh8412575','T','Monday','11:00',2,'co.117+118');
INSERT INTO event VALUES('coh8412585.L01','coh8412585','L','Wednesday','12:00',1,'cr.SMH');
INSERT INTO event VALUES('coh8412585.T01','coh8412585','T','Tuesday','16:00',2,'co.117');
INSERT INTO event VALUES('coh8412585.T02','coh8412585','T','Monday','14:00',2,'cr.G2');
INSERT INTO event VALUES('coh8412585.T03','coh8412585','T','Tuesday','09:00',2,'cr.G2');
INSERT INTO event VALUES('coh8412605.L01','coh8412605','L','Wednesday','14:00',2,'cr.B1');
INSERT INTO event VALUES('coh8412605.T01','coh8412605','T','Wednesday','16:00',2,'co.117+118');
INSERT INTO event VALUES('coh8412605.T02','coh8412605','T','Tuesday','15:00',2,'co.117+118');
INSERT INTO event VALUES('coh8412605.T03','coh8412605','T','Friday','14:00',2,'co.G78+G82');
INSERT INTO event VALUES('coh8412615.L01','coh8412615','L','Friday','09:00',1,'cr.B1');
INSERT INTO event VALUES('coh8412615.T01','coh8412615','T','Friday','15:00',2,'co.G75+G76');
INSERT INTO event VALUES('coh8412615.T02','coh8412615','T','Thursday','15:00',2,'co.G75+G76');
INSERT INTO event VALUES('coh8412615.T03','coh8412615','T','Tuesday','11:00',2,'co.117+118');
INSERT INTO event VALUES('coh8412615.T04','coh8412615','T','Tuesday','14:00',2,'cr.203');
INSERT INTO event VALUES('coh8412615.T05','coh8412615','T','Wednesday','16:00',2,'cr.B12');
INSERT INTO event VALUES('coh8412615.T06','coh8412615','T','Monday','16:00',2,'cr.G2');
INSERT INTO event VALUES('coh8412635.L01','coh8412635','L','Thursday','14:00',1,'cr.B1');
INSERT INTO event VALUES('coh8412635.L02','coh8412635','L','Friday','12:00',1,'cr.B1');
INSERT INTO event VALUES('coh8412635.T01','coh8412635','T','Monday','15:00',2,'co.G78+G82');
INSERT INTO event VALUES('coh8412635.T02','coh8412635','T','Friday','10:00',2,'co.117+118');
INSERT INTO event VALUES('coh8412635.T03','coh8412635','T','Thursday','11:00',2,'co.LB47');
INSERT INTO event VALUES('coh8412635.T04','coh8412635','T','Tuesday','10:00',2,'cr.G90+116');
INSERT INTO event VALUES('coh8412635.T05','coh8412635','T','Friday','15:00',2,'co.LB47');
INSERT INTO event VALUES('coh8412635.T06','coh8412635','T','Tuesday','14:00',2,'cr.G90');
INSERT INTO event VALUES('coh8521005.L01','coh8521005','L','Thursday','11:00',1,'cr.G80');
INSERT INTO event VALUES('coh8521005.T01','coh8521005','T','Friday','13:00',2,'cr.G6');
INSERT INTO event VALUES('coh8521005.T02','coh8521005','T','Friday','10:00',2,'cr.G2');
INSERT INTO event VALUES('coh8560095.L01','coh8560095','L','Thursday','17:00',1,'cr.B1');
INSERT INTO event VALUES('coh8560095.T01','coh8560095','T','Thursday','15:00',2,'cr.G6');
INSERT INTO event VALUES('coh8560095.T02','coh8560095','T','Thursday','11:00',2,'cr.G6');
INSERT INTO event VALUES('coh8560095.T03','coh8560095','T','Wednesday','10:00',2,'cr.B9');

/*--------------------------------teaches-------------------------------*/
INSERT INTO teaches VALUES('co.ACg','co12005.T01');
INSERT INTO teaches VALUES('co.ACg','co42010.L01');
INSERT INTO teaches VALUES('co.ACg','co42010.T01');
INSERT INTO teaches VALUES('co.ACg','co42010.T02');
INSERT INTO teaches VALUES('co.ACg','co72013.L01');
INSERT INTO teaches VALUES('co.ACg','co72013.L02');
INSERT INTO teaches VALUES('co.ACg','co72013.T03');
INSERT INTO teaches VALUES('co.ACg','co72013.T04');
INSERT INTO teaches VALUES('co.ACg','co72013.T05');
INSERT INTO teaches VALUES('co.ACg','co72023.T02');
INSERT INTO teaches VALUES('co.ACr','co72033.L01');
INSERT INTO teaches VALUES('co.ACr','co72033.T01');
INSERT INTO teaches VALUES('co.AFA','co22020.L01');
INSERT INTO teaches VALUES('co.AFA','co22020.T04');
INSERT INTO teaches VALUES('co.AFA','co22020.T05');
INSERT INTO teaches VALUES('co.AL','co32011.L01');
INSERT INTO teaches VALUES('co.AL','co32011.T01');
INSERT INTO teaches VALUES('co.AL','co32011.T02');
INSERT INTO teaches VALUES('co.AL','co32011.T03');
INSERT INTO teaches VALUES('co.AL','co42019.L01');
INSERT INTO teaches VALUES('co.AMn','co12004.L01');
INSERT INTO teaches VALUES('co.AMn','co12004.T05');
INSERT INTO teaches VALUES('co.ASc','co42015.L01');
INSERT INTO teaches VALUES('co.ASc','co42015.T01');
INSERT INTO teaches VALUES('co.ASr','co12006.L01');
INSERT INTO teaches VALUES('co.ASr','co12006.L02');
INSERT INTO teaches VALUES('co.ASr','co12006.L03');
INSERT INTO teaches VALUES('co.ASr','co12006.T02');
INSERT INTO teaches VALUES('co.ASr','co12006.T04');
INSERT INTO teaches VALUES('co.ASr','co12006.T05');
INSERT INTO teaches VALUES('co.ASr','coh8412585.L01');
INSERT INTO teaches VALUES('co.ASr','coh8412585.T01');
INSERT INTO teaches VALUES('co.ASr','coh8412585.T02');
INSERT INTO teaches VALUES('co.ASr','coh8412585.T03');
INSERT INTO teaches VALUES('co.ASr','coh8412615.L01');
INSERT INTO teaches VALUES('co.ASr','coh8412615.T01');
INSERT INTO teaches VALUES('co.ASr','coh8412615.T02');
INSERT INTO teaches VALUES('co.ASr','coh8412615.T03');
INSERT INTO teaches VALUES('co.ASr','coh8412615.T04');
INSERT INTO teaches VALUES('co.ASr','coh8412615.T05');
INSERT INTO teaches VALUES('co.ASr','coh8412615.T06');
INSERT INTO teaches VALUES('co.ASr','coh8521005.L01');
INSERT INTO teaches VALUES('co.ASr','coh8521005.T01');
INSERT INTO teaches VALUES('co.ASr','coh8521005.T02');
INSERT INTO teaches VALUES('co.AV','co32021.L01');
INSERT INTO teaches VALUES('co.BC','co32023.L01');
INSERT INTO teaches VALUES('co.BC','co32023.T01');
INSERT INTO teaches VALUES('co.BC','co72003.L01');
INSERT INTO teaches VALUES('co.BC','co72003.T01');
INSERT INTO teaches VALUES('co.CHt','co12005.T03');
INSERT INTO teaches VALUES('co.CM','co22007.L01');
INSERT INTO teaches VALUES('co.CM','co22007.T03');
INSERT INTO teaches VALUES('co.CM','co22007.T04');
INSERT INTO teaches VALUES('co.CM','co22007.T06');
INSERT INTO teaches VALUES('co.CM','co72011.L01');
INSERT INTO teaches VALUES('co.CM','co72011.T01');
INSERT INTO teaches VALUES('co.CM','co72011.T03');
INSERT INTO teaches VALUES('co.CM','co72011.T05');
INSERT INTO teaches VALUES('co.CM','co72011.T07');
INSERT INTO teaches VALUES('co.CMD','co22008.L01');
INSERT INTO teaches VALUES('co.CMD','co22008.T01');
INSERT INTO teaches VALUES('co.CMD','co22008.T03');
INSERT INTO teaches VALUES('co.CMD','co22008.T04');
INSERT INTO teaches VALUES('co.EH','co12005.T04');
INSERT INTO teaches VALUES('co.FG','co12006.L02');
INSERT INTO teaches VALUES('co.FG','co12006.L03');
INSERT INTO teaches VALUES('co.FG','co12006.T01');
INSERT INTO teaches VALUES('co.FG','co12006.T06');
INSERT INTO teaches VALUES('co.FG','coh2451.L01');
INSERT INTO teaches VALUES('co.FG','coh2451.T01');
INSERT INTO teaches VALUES('co.GR','co12005.T01');
INSERT INTO teaches VALUES('co.GR','co42009.L01');
INSERT INTO teaches VALUES('co.GS','coh8412605.L01');
INSERT INTO teaches VALUES('co.GS','coh8412605.T01');
INSERT INTO teaches VALUES('co.GS','coh8412605.T02');
INSERT INTO teaches VALUES('co.GS','coh8412605.T03');
INSERT INTO teaches VALUES('co.IS','co42002.L01');
INSERT INTO teaches VALUES('co.IS','co42002.T01');
INSERT INTO teaches VALUES('co.IS','co72023.L01');
INSERT INTO teaches VALUES('co.IS','co72023.L02');
INSERT INTO teaches VALUES('co.IS','co72023.T01');
INSERT INTO teaches VALUES('co.IS','co72023.T02');
INSERT INTO teaches VALUES('co.IS','co72023.T03');
INSERT INTO teaches VALUES('co.IS','co72023.T04');
INSERT INTO teaches VALUES('co.IS','co72023.T05');
INSERT INTO teaches VALUES('co.IS','co72023.T06');
INSERT INTO teaches VALUES('co.JJ','co12006.L01');
INSERT INTO teaches VALUES('co.JJ','co12006.L02');
INSERT INTO teaches VALUES('co.JJ','co12006.L03');
INSERT INTO teaches VALUES('co.JJ','co12006.T03');
INSERT INTO teaches VALUES('co.JJ','co72002.L01');
INSERT INTO teaches VALUES('co.JJ','co72002.T01');
INSERT INTO teaches VALUES('co.JKg','co12008.L01');
INSERT INTO teaches VALUES('co.JKg','co12008.T01');
INSERT INTO teaches VALUES('co.JKg','co12008.T02');
INSERT INTO teaches VALUES('co.JKy','co42009.L01');
INSERT INTO teaches VALUES('co.JKy','co42009.T01');
INSERT INTO teaches VALUES('co.JMy','co22009.L01');
INSERT INTO teaches VALUES('co.JMy','co22009.T01');
INSERT INTO teaches VALUES('co.JMy','co22009.T02');
INSERT INTO teaches VALUES('co.JMz','co22020.L01');
INSERT INTO teaches VALUES('co.JMz','co22020.T01');
INSERT INTO teaches VALUES('co.JMz','co22020.T02');
INSERT INTO teaches VALUES('co.JMz','co22020.T03');
INSERT INTO teaches VALUES('co.JMz','co72016.L01');
INSERT INTO teaches VALUES('co.JMz','co72016.T01');
INSERT INTO teaches VALUES('co.JO','co72017.L01');
INSERT INTO teaches VALUES('co.JO','co72017.T01');
INSERT INTO teaches VALUES('co.JO','co72018.L01');
INSERT INTO teaches VALUES('co.JO','co72018.T01');
INSERT INTO teaches VALUES('co.JO','co72018.T02');
INSERT INTO teaches VALUES('co.JSv','co12005.T05');
INSERT INTO teaches VALUES('co.JSv','co22006.L01');
INSERT INTO teaches VALUES('co.JSv','co22006.L02');
INSERT INTO teaches VALUES('co.JSv','co22006.L03');
INSERT INTO teaches VALUES('co.JSv','co22006.T04');
INSERT INTO teaches VALUES('co.KB','co12005.L01');
INSERT INTO teaches VALUES('co.KB','co12005.L02');
INSERT INTO teaches VALUES('co.KB','co12005.T02');
INSERT INTO teaches VALUES('co.KB','co22006.L01');
INSERT INTO teaches VALUES('co.KB','co22006.L02');
INSERT INTO teaches VALUES('co.KB','co22006.L03');
INSERT INTO teaches VALUES('co.KB','co22006.T03');
INSERT INTO teaches VALUES('co.KB','co32015.L01');
INSERT INTO teaches VALUES('co.KB','co32015.T01');
INSERT INTO teaches VALUES('co.KC','co22006.L01');
INSERT INTO teaches VALUES('co.KC','co22006.L02');
INSERT INTO teaches VALUES('co.KC','co22006.L03');
INSERT INTO teaches VALUES('co.KC','co22006.T01');
INSERT INTO teaches VALUES('co.KC','co22006.T02');
INSERT INTO teaches VALUES('co.KC','co72013.L01');
INSERT INTO teaches VALUES('co.KC','co72013.L02');
INSERT INTO teaches VALUES('co.KC','co72013.T01');
INSERT INTO teaches VALUES('co.KC','co72013.T02');
INSERT INTO teaches VALUES('co.KC','co72013.T06');
INSERT INTO teaches VALUES('co.LM','co32018.L01');
INSERT INTO teaches VALUES('co.LM','co32018.T01');
INSERT INTO teaches VALUES('co.LM','co42022.L01');
INSERT INTO teaches VALUES('co.LM','co42022.T01');
INSERT INTO teaches VALUES('co.MR','co32016.L01');
INSERT INTO teaches VALUES('co.MR','coh8412555.L01');
INSERT INTO teaches VALUES('co.MR','coh8412555.L02');
INSERT INTO teaches VALUES('co.MR','coh8412555.T01');
INSERT INTO teaches VALUES('co.MR','coh8412555.T02');
INSERT INTO teaches VALUES('co.MR','coh8412575.L01');
INSERT INTO teaches VALUES('co.MR','coh8412575.T01');
INSERT INTO teaches VALUES('co.MR','coh8412575.T02');
INSERT INTO teaches VALUES('co.MS','co22005.L01');
INSERT INTO teaches VALUES('co.MS','co22005.T01');
INSERT INTO teaches VALUES('co.MS','co22005.T02');
INSERT INTO teaches VALUES('co.PTr','co32005.L01');
INSERT INTO teaches VALUES('co.PTr','co32005.T05');
INSERT INTO teaches VALUES('co.PTr','co42005.L01');
INSERT INTO teaches VALUES('co.PTr','co42005.T01');
INSERT INTO teaches VALUES('co.RB','coh8412635.L01');
INSERT INTO teaches VALUES('co.RB','coh8412635.L02');
INSERT INTO teaches VALUES('co.RB','coh8412635.T01');
INSERT INTO teaches VALUES('co.RB','coh8412635.T02');
INSERT INTO teaches VALUES('co.RB','coh8412635.T03');
INSERT INTO teaches VALUES('co.RB','coh8412635.T04');
INSERT INTO teaches VALUES('co.RB','coh8412635.T05');
INSERT INTO teaches VALUES('co.RB','coh8412635.T06');
INSERT INTO teaches VALUES('co.RK','co12004.L01');
INSERT INTO teaches VALUES('co.RK','co12004.L02');
INSERT INTO teaches VALUES('co.RK','co12004.T01');
INSERT INTO teaches VALUES('co.RK','co12004.T04');
INSERT INTO teaches VALUES('co.RK','co12004.T06');
INSERT INTO teaches VALUES('co.RK','co72003.L01');
INSERT INTO teaches VALUES('co.RK','co72003.T01');
INSERT INTO teaches VALUES('co.RK','co72012.L01');
INSERT INTO teaches VALUES('co.RK','co72012.T01');
INSERT INTO teaches VALUES('co.RK','co72012.T02');
INSERT INTO teaches VALUES('co.RK','co72012.T03');
INSERT INTO teaches VALUES('co.RR','co42015.L01');
INSERT INTO teaches VALUES('co.RR','co42015.T01');
INSERT INTO teaches VALUES('co.RR','co72016.L01');
INSERT INTO teaches VALUES('co.RR','co72016.T01');
INSERT INTO teaches VALUES('co.SL','co32018.L01');
INSERT INTO teaches VALUES('co.SL','co32018.T01');
INSERT INTO teaches VALUES('co.SL','co42001.L01');
INSERT INTO teaches VALUES('co.SL','co42001.T01');
INSERT INTO teaches VALUES('co.SL','co42022.L01');
INSERT INTO teaches VALUES('co.SL','co42022.T01');
INSERT INTO teaches VALUES('co.SM','co12012.L01');
INSERT INTO teaches VALUES('co.SM','co12012.T01');
INSERT INTO teaches VALUES('co.SM','co22022.L01');
INSERT INTO teaches VALUES('co.SM','co22022.T01');
INSERT INTO teaches VALUES('co.SM','co72004.L01');
INSERT INTO teaches VALUES('co.SM','co72004.T01');
INSERT INTO teaches VALUES('co.SRM','co12004.L01');
INSERT INTO teaches VALUES('co.SRM','co12004.L02');
INSERT INTO teaches VALUES('co.SRM','co12004.T02');
INSERT INTO teaches VALUES('co.SRM','co12004.T03');
INSERT INTO teaches VALUES('co.SS','co12012.L01');
INSERT INTO teaches VALUES('co.SS','co12012.T01');
INSERT INTO teaches VALUES('co.ST','co22005.L01');
INSERT INTO teaches VALUES('co.ST','co22005.T03');
INSERT INTO teaches VALUES('co.ST','co22005.T04');
INSERT INTO teaches VALUES('co.ST','co22005.T07');
INSERT INTO teaches VALUES('co.ST','co22005.T08');
INSERT INTO teaches VALUES('co.TG','co42013.L01');
INSERT INTO teaches VALUES('co.TG','co42013.T01');
INSERT INTO teaches VALUES('co.TMc','co22007.L01');
INSERT INTO teaches VALUES('co.TMc','co22007.T01');
INSERT INTO teaches VALUES('co.TMc','co22007.T02');
INSERT INTO teaches VALUES('co.TMc','co22007.T05');
INSERT INTO teaches VALUES('co.TMu','co32014.L01');
INSERT INTO teaches VALUES('co.TMu','co32014.T01');
INSERT INTO teaches VALUES('co.TMu','co32014.T02');
INSERT INTO teaches VALUES('co.TMu','co32014.T03');
INSERT INTO teaches VALUES('co.TP','co72026.L01');
INSERT INTO teaches VALUES('co.TP','co72026.L02');
INSERT INTO teaches VALUES('co.TP','co72026.T02');
INSERT INTO teaches VALUES('co.XL','co22008.L01');
INSERT INTO teaches VALUES('co.XL','co22008.L02');
INSERT INTO teaches VALUES('co.XL','co22008.T02');
INSERT INTO teaches VALUES('co.XL','co22008.T05');
INSERT INTO teaches VALUES('co.XL','co32011.L02');
INSERT INTO teaches VALUES('co.XL','co32011.T01');
INSERT INTO teaches VALUES('co.XL','co32011.T02');
INSERT INTO teaches VALUES('co.XL','co32011.T03');
INSERT INTO teaches VALUES('co.XL','co72026.L01');
INSERT INTO teaches VALUES('co.XL','co72026.T01');
INSERT INTO teaches VALUES('co.ZZ1','co12011.L01');
INSERT INTO teaches VALUES('co.ZZ1','co12011.T01');
INSERT INTO teaches VALUES('co.ZZ7','coh8560095.L01');
INSERT INTO teaches VALUES('co.ZZ7','coh8560095.T01');
INSERT INTO teaches VALUES('co.ZZ7','coh8560095.T02');
INSERT INTO teaches VALUES('co.ZZ7','coh8560095.T03');
INSERT INTO teaches VALUES('co.ZZ8','coh6412255.L01');
INSERT INTO teaches VALUES('co.ZZ8','coh6412255.T01');

/*--------------------------------occurs-------------------------------*/
INSERT INTO occurs VALUES('co12004.L01','01');
INSERT INTO occurs VALUES('co12004.L01','02');
INSERT INTO occurs VALUES('co12004.L01','03');
INSERT INTO occurs VALUES('co12004.L01','04');
INSERT INTO occurs VALUES('co12004.L01','05');
INSERT INTO occurs VALUES('co12004.L01','06');
INSERT INTO occurs VALUES('co12004.L01','07');
INSERT INTO occurs VALUES('co12004.L01','08');
INSERT INTO occurs VALUES('co12004.L01','10');
INSERT INTO occurs VALUES('co12004.L01','11');
INSERT INTO occurs VALUES('co12004.L01','12');
INSERT INTO occurs VALUES('co12004.L01','13');
INSERT INTO occurs VALUES('co12004.L02','01');
INSERT INTO occurs VALUES('co12004.L02','02');
INSERT INTO occurs VALUES('co12004.L02','03');
INSERT INTO occurs VALUES('co12004.L02','04');
INSERT INTO occurs VALUES('co12004.L02','05');
INSERT INTO occurs VALUES('co12004.L02','06');
INSERT INTO occurs VALUES('co12004.L02','07');
INSERT INTO occurs VALUES('co12004.L02','08');
INSERT INTO occurs VALUES('co12004.L02','10');
INSERT INTO occurs VALUES('co12004.L02','11');
INSERT INTO occurs VALUES('co12004.L02','12');
INSERT INTO occurs VALUES('co12004.L02','13');
INSERT INTO occurs VALUES('co12004.T01','01');
INSERT INTO occurs VALUES('co12004.T01','02');
INSERT INTO occurs VALUES('co12004.T01','03');
INSERT INTO occurs VALUES('co12004.T01','04');
INSERT INTO occurs VALUES('co12004.T01','05');
INSERT INTO occurs VALUES('co12004.T01','06');
INSERT INTO occurs VALUES('co12004.T01','07');
INSERT INTO occurs VALUES('co12004.T01','08');
INSERT INTO occurs VALUES('co12004.T01','10');
INSERT INTO occurs VALUES('co12004.T01','11');
INSERT INTO occurs VALUES('co12004.T01','12');
INSERT INTO occurs VALUES('co12004.T01','13');
INSERT INTO occurs VALUES('co12004.T02','01');
INSERT INTO occurs VALUES('co12004.T02','02');
INSERT INTO occurs VALUES('co12004.T02','03');
INSERT INTO occurs VALUES('co12004.T02','04');
INSERT INTO occurs VALUES('co12004.T02','05');
INSERT INTO occurs VALUES('co12004.T02','06');
INSERT INTO occurs VALUES('co12004.T02','07');
INSERT INTO occurs VALUES('co12004.T02','08');
INSERT INTO occurs VALUES('co12004.T02','10');
INSERT INTO occurs VALUES('co12004.T02','11');
INSERT INTO occurs VALUES('co12004.T02','12');
INSERT INTO occurs VALUES('co12004.T02','13');
INSERT INTO occurs VALUES('co12004.T03','01');
INSERT INTO occurs VALUES('co12004.T03','02');
INSERT INTO occurs VALUES('co12004.T04','01');
INSERT INTO occurs VALUES('co12004.T04','02');
INSERT INTO occurs VALUES('co12004.T04','03');
INSERT INTO occurs VALUES('co12004.T04','04');
INSERT INTO occurs VALUES('co12004.T04','05');
INSERT INTO occurs VALUES('co12004.T04','06');
INSERT INTO occurs VALUES('co12004.T04','07');
INSERT INTO occurs VALUES('co12004.T04','08');
INSERT INTO occurs VALUES('co12004.T04','10');
INSERT INTO occurs VALUES('co12004.T04','11');
INSERT INTO occurs VALUES('co12004.T04','12');
INSERT INTO occurs VALUES('co12004.T04','13');
INSERT INTO occurs VALUES('co12004.T05','01');
INSERT INTO occurs VALUES('co12004.T05','02');
INSERT INTO occurs VALUES('co12004.T05','03');
INSERT INTO occurs VALUES('co12004.T05','04');
INSERT INTO occurs VALUES('co12004.T05','05');
INSERT INTO occurs VALUES('co12004.T05','06');
INSERT INTO occurs VALUES('co12004.T05','07');
INSERT INTO occurs VALUES('co12004.T05','08');
INSERT INTO occurs VALUES('co12004.T05','10');
INSERT INTO occurs VALUES('co12004.T05','11');
INSERT INTO occurs VALUES('co12004.T05','12');
INSERT INTO occurs VALUES('co12004.T05','13');
INSERT INTO occurs VALUES('co12004.T06','01');
INSERT INTO occurs VALUES('co12004.T06','02');
INSERT INTO occurs VALUES('co12004.T06','03');
INSERT INTO occurs VALUES('co12004.T06','04');
INSERT INTO occurs VALUES('co12004.T06','05');
INSERT INTO occurs VALUES('co12004.T06','06');
INSERT INTO occurs VALUES('co12004.T06','07');
INSERT INTO occurs VALUES('co12004.T06','08');
INSERT INTO occurs VALUES('co12004.T06','10');
INSERT INTO occurs VALUES('co12004.T06','11');
INSERT INTO occurs VALUES('co12004.T06','12');
INSERT INTO occurs VALUES('co12004.T06','13');
INSERT INTO occurs VALUES('co12005.L01','01');
INSERT INTO occurs VALUES('co12005.L01','02');
INSERT INTO occurs VALUES('co12005.L01','03');
INSERT INTO occurs VALUES('co12005.L01','04');
INSERT INTO occurs VALUES('co12005.L01','05');
INSERT INTO occurs VALUES('co12005.L01','06');
INSERT INTO occurs VALUES('co12005.L01','07');
INSERT INTO occurs VALUES('co12005.L01','08');
INSERT INTO occurs VALUES('co12005.L01','10');
INSERT INTO occurs VALUES('co12005.L01','11');
INSERT INTO occurs VALUES('co12005.L01','12');
INSERT INTO occurs VALUES('co12005.L01','13');
INSERT INTO occurs VALUES('co12005.L02','01');
INSERT INTO occurs VALUES('co12005.L02','02');
INSERT INTO occurs VALUES('co12005.T01','01');
INSERT INTO occurs VALUES('co12005.T01','02');
INSERT INTO occurs VALUES('co12005.T01','03');
INSERT INTO occurs VALUES('co12005.T01','04');
INSERT INTO occurs VALUES('co12005.T01','05');
INSERT INTO occurs VALUES('co12005.T01','06');
INSERT INTO occurs VALUES('co12005.T01','07');
INSERT INTO occurs VALUES('co12005.T01','08');
INSERT INTO occurs VALUES('co12005.T01','10');
INSERT INTO occurs VALUES('co12005.T01','11');
INSERT INTO occurs VALUES('co12005.T01','12');
INSERT INTO occurs VALUES('co12005.T01','13');
INSERT INTO occurs VALUES('co12005.T02','01');
INSERT INTO occurs VALUES('co12005.T02','02');
INSERT INTO occurs VALUES('co12005.T02','03');
INSERT INTO occurs VALUES('co12005.T02','04');
INSERT INTO occurs VALUES('co12005.T02','05');
INSERT INTO occurs VALUES('co12005.T02','06');
INSERT INTO occurs VALUES('co12005.T02','07');
INSERT INTO occurs VALUES('co12005.T02','08');
INSERT INTO occurs VALUES('co12005.T02','10');
INSERT INTO occurs VALUES('co12005.T02','11');
INSERT INTO occurs VALUES('co12005.T02','12');
INSERT INTO occurs VALUES('co12005.T02','13');
INSERT INTO occurs VALUES('co12005.T03','01');
INSERT INTO occurs VALUES('co12005.T03','02');
INSERT INTO occurs VALUES('co12005.T03','03');
INSERT INTO occurs VALUES('co12005.T03','04');
INSERT INTO occurs VALUES('co12005.T03','05');
INSERT INTO occurs VALUES('co12005.T03','06');
INSERT INTO occurs VALUES('co12005.T03','07');
INSERT INTO occurs VALUES('co12005.T03','08');
INSERT INTO occurs VALUES('co12005.T03','10');
INSERT INTO occurs VALUES('co12005.T03','11');
INSERT INTO occurs VALUES('co12005.T03','12');
INSERT INTO occurs VALUES('co12005.T03','13');
INSERT INTO occurs VALUES('co12005.T04','01');
INSERT INTO occurs VALUES('co12005.T04','02');
INSERT INTO occurs VALUES('co12005.T04','03');
INSERT INTO occurs VALUES('co12005.T04','04');
INSERT INTO occurs VALUES('co12005.T04','05');
INSERT INTO occurs VALUES('co12005.T04','06');
INSERT INTO occurs VALUES('co12005.T04','07');
INSERT INTO occurs VALUES('co12005.T04','08');
INSERT INTO occurs VALUES('co12005.T04','10');
INSERT INTO occurs VALUES('co12005.T04','11');
INSERT INTO occurs VALUES('co12005.T04','12');
INSERT INTO occurs VALUES('co12005.T04','13');
INSERT INTO occurs VALUES('co12005.T05','01');
INSERT INTO occurs VALUES('co12005.T05','02');
INSERT INTO occurs VALUES('co12006.L01','01');
INSERT INTO occurs VALUES('co12006.L01','02');
INSERT INTO occurs VALUES('co12006.L01','03');
INSERT INTO occurs VALUES('co12006.L01','04');
INSERT INTO occurs VALUES('co12006.L01','05');
INSERT INTO occurs VALUES('co12006.L01','06');
INSERT INTO occurs VALUES('co12006.L01','07');
INSERT INTO occurs VALUES('co12006.L01','08');
INSERT INTO occurs VALUES('co12006.L01','10');
INSERT INTO occurs VALUES('co12006.L01','11');
INSERT INTO occurs VALUES('co12006.L01','12');
INSERT INTO occurs VALUES('co12006.L01','13');
INSERT INTO occurs VALUES('co12006.L02','01');
INSERT INTO occurs VALUES('co12006.L02','02');
INSERT INTO occurs VALUES('co12006.L02','03');
INSERT INTO occurs VALUES('co12006.L02','04');
INSERT INTO occurs VALUES('co12006.L02','05');
INSERT INTO occurs VALUES('co12006.L02','06');
INSERT INTO occurs VALUES('co12006.L02','07');
INSERT INTO occurs VALUES('co12006.L02','08');
INSERT INTO occurs VALUES('co12006.L02','10');
INSERT INTO occurs VALUES('co12006.L02','11');
INSERT INTO occurs VALUES('co12006.L02','12');
INSERT INTO occurs VALUES('co12006.L02','13');
INSERT INTO occurs VALUES('co12006.L03','01');
INSERT INTO occurs VALUES('co12006.L03','02');
INSERT INTO occurs VALUES('co12006.L03','03');
INSERT INTO occurs VALUES('co12006.L03','04');
INSERT INTO occurs VALUES('co12006.L03','05');
INSERT INTO occurs VALUES('co12006.L03','06');
INSERT INTO occurs VALUES('co12006.L03','07');
INSERT INTO occurs VALUES('co12006.L03','08');
INSERT INTO occurs VALUES('co12006.L03','10');
INSERT INTO occurs VALUES('co12006.L03','11');
INSERT INTO occurs VALUES('co12006.L03','12');
INSERT INTO occurs VALUES('co12006.L03','13');
INSERT INTO occurs VALUES('co12006.T01','01');
INSERT INTO occurs VALUES('co12006.T01','02');
INSERT INTO occurs VALUES('co12006.T01','03');
INSERT INTO occurs VALUES('co12006.T01','04');
INSERT INTO occurs VALUES('co12006.T01','05');
INSERT INTO occurs VALUES('co12006.T01','06');
INSERT INTO occurs VALUES('co12006.T01','07');
INSERT INTO occurs VALUES('co12006.T01','08');
INSERT INTO occurs VALUES('co12006.T01','10');
INSERT INTO occurs VALUES('co12006.T01','11');
INSERT INTO occurs VALUES('co12006.T01','12');
INSERT INTO occurs VALUES('co12006.T01','13');
INSERT INTO occurs VALUES('co12006.T02','01');
INSERT INTO occurs VALUES('co12006.T02','02');
INSERT INTO occurs VALUES('co12006.T03','01');
INSERT INTO occurs VALUES('co12006.T03','02');
INSERT INTO occurs VALUES('co12006.T03','03');
INSERT INTO occurs VALUES('co12006.T03','04');
INSERT INTO occurs VALUES('co12006.T03','05');
INSERT INTO occurs VALUES('co12006.T03','06');
INSERT INTO occurs VALUES('co12006.T03','07');
INSERT INTO occurs VALUES('co12006.T03','08');
INSERT INTO occurs VALUES('co12006.T03','10');
INSERT INTO occurs VALUES('co12006.T03','11');
INSERT INTO occurs VALUES('co12006.T03','12');
INSERT INTO occurs VALUES('co12006.T03','13');
INSERT INTO occurs VALUES('co12006.T04','01');
INSERT INTO occurs VALUES('co12006.T04','02');
INSERT INTO occurs VALUES('co12006.T04','03');
INSERT INTO occurs VALUES('co12006.T04','04');
INSERT INTO occurs VALUES('co12006.T04','05');
INSERT INTO occurs VALUES('co12006.T04','06');
INSERT INTO occurs VALUES('co12006.T04','07');
INSERT INTO occurs VALUES('co12006.T04','08');
INSERT INTO occurs VALUES('co12006.T04','10');
INSERT INTO occurs VALUES('co12006.T04','11');
INSERT INTO occurs VALUES('co12006.T04','12');
INSERT INTO occurs VALUES('co12006.T04','13');
INSERT INTO occurs VALUES('co12006.T05','01');
INSERT INTO occurs VALUES('co12006.T05','02');
INSERT INTO occurs VALUES('co12006.T05','03');
INSERT INTO occurs VALUES('co12006.T05','04');
INSERT INTO occurs VALUES('co12006.T05','05');
INSERT INTO occurs VALUES('co12006.T05','06');
INSERT INTO occurs VALUES('co12006.T05','07');
INSERT INTO occurs VALUES('co12006.T05','08');
INSERT INTO occurs VALUES('co12006.T05','10');
INSERT INTO occurs VALUES('co12006.T05','11');
INSERT INTO occurs VALUES('co12006.T05','12');
INSERT INTO occurs VALUES('co12006.T05','13');
INSERT INTO occurs VALUES('co12006.T06','01');
INSERT INTO occurs VALUES('co12006.T06','02');
INSERT INTO occurs VALUES('co12006.T06','03');
INSERT INTO occurs VALUES('co12006.T06','04');
INSERT INTO occurs VALUES('co12006.T06','05');
INSERT INTO occurs VALUES('co12006.T06','06');
INSERT INTO occurs VALUES('co12006.T06','07');
INSERT INTO occurs VALUES('co12006.T06','08');
INSERT INTO occurs VALUES('co12006.T06','10');
INSERT INTO occurs VALUES('co12006.T06','11');
INSERT INTO occurs VALUES('co12006.T06','12');
INSERT INTO occurs VALUES('co12006.T06','13');
INSERT INTO occurs VALUES('co12008.L01','01');
INSERT INTO occurs VALUES('co12008.L01','02');
INSERT INTO occurs VALUES('co12008.T01','01');
INSERT INTO occurs VALUES('co12008.T01','02');
INSERT INTO occurs VALUES('co12008.T01','03');
INSERT INTO occurs VALUES('co12008.T01','04');
INSERT INTO occurs VALUES('co12008.T01','05');
INSERT INTO occurs VALUES('co12008.T01','06');
INSERT INTO occurs VALUES('co12008.T01','07');
INSERT INTO occurs VALUES('co12008.T01','08');
INSERT INTO occurs VALUES('co12008.T01','10');
INSERT INTO occurs VALUES('co12008.T01','11');
INSERT INTO occurs VALUES('co12008.T01','12');
INSERT INTO occurs VALUES('co12008.T01','13');
INSERT INTO occurs VALUES('co12008.T02','01');
INSERT INTO occurs VALUES('co12008.T02','02');
INSERT INTO occurs VALUES('co12008.T02','03');
INSERT INTO occurs VALUES('co12008.T02','04');
INSERT INTO occurs VALUES('co12008.T02','05');
INSERT INTO occurs VALUES('co12008.T02','06');
INSERT INTO occurs VALUES('co12008.T02','07');
INSERT INTO occurs VALUES('co12008.T02','08');
INSERT INTO occurs VALUES('co12008.T02','10');
INSERT INTO occurs VALUES('co12008.T02','11');
INSERT INTO occurs VALUES('co12008.T02','12');
INSERT INTO occurs VALUES('co12008.T02','13');
INSERT INTO occurs VALUES('co12011.L01','01');
INSERT INTO occurs VALUES('co12011.L01','02');
INSERT INTO occurs VALUES('co12011.L01','03');
INSERT INTO occurs VALUES('co12011.L01','04');
INSERT INTO occurs VALUES('co12011.L01','05');
INSERT INTO occurs VALUES('co12011.L01','06');
INSERT INTO occurs VALUES('co12011.L01','07');
INSERT INTO occurs VALUES('co12011.L01','08');
INSERT INTO occurs VALUES('co12011.L01','10');
INSERT INTO occurs VALUES('co12011.L01','11');
INSERT INTO occurs VALUES('co12011.L01','12');
INSERT INTO occurs VALUES('co12011.L01','13');
INSERT INTO occurs VALUES('co12011.T01','01');
INSERT INTO occurs VALUES('co12011.T01','02');
INSERT INTO occurs VALUES('co12011.T01','03');
INSERT INTO occurs VALUES('co12011.T01','04');
INSERT INTO occurs VALUES('co12011.T01','05');
INSERT INTO occurs VALUES('co12011.T01','06');
INSERT INTO occurs VALUES('co12011.T01','07');
INSERT INTO occurs VALUES('co12011.T01','08');
INSERT INTO occurs VALUES('co12011.T01','10');
INSERT INTO occurs VALUES('co12011.T01','11');
INSERT INTO occurs VALUES('co12011.T01','12');
INSERT INTO occurs VALUES('co12011.T01','13');
INSERT INTO occurs VALUES('co12012.L01','01');
INSERT INTO occurs VALUES('co12012.L01','02');
INSERT INTO occurs VALUES('co12012.T01','01');
INSERT INTO occurs VALUES('co12012.T01','02');
INSERT INTO occurs VALUES('co12012.T01','03');
INSERT INTO occurs VALUES('co12012.T01','04');
INSERT INTO occurs VALUES('co12012.T01','05');
INSERT INTO occurs VALUES('co12012.T01','06');
INSERT INTO occurs VALUES('co12012.T01','07');
INSERT INTO occurs VALUES('co12012.T01','08');
INSERT INTO occurs VALUES('co12012.T01','10');
INSERT INTO occurs VALUES('co12012.T01','11');
INSERT INTO occurs VALUES('co12012.T01','12');
INSERT INTO occurs VALUES('co12012.T01','13');
INSERT INTO occurs VALUES('co22005.L01','01');
INSERT INTO occurs VALUES('co22005.L01','02');
INSERT INTO occurs VALUES('co22005.L01','03');
INSERT INTO occurs VALUES('co22005.L01','04');
INSERT INTO occurs VALUES('co22005.L01','05');
INSERT INTO occurs VALUES('co22005.L01','06');
INSERT INTO occurs VALUES('co22005.L01','07');
INSERT INTO occurs VALUES('co22005.L01','08');
INSERT INTO occurs VALUES('co22005.L01','10');
INSERT INTO occurs VALUES('co22005.L01','11');
INSERT INTO occurs VALUES('co22005.L01','12');
INSERT INTO occurs VALUES('co22005.L01','13');
INSERT INTO occurs VALUES('co22005.T01','01');
INSERT INTO occurs VALUES('co22005.T01','02');
INSERT INTO occurs VALUES('co22005.T01','03');
INSERT INTO occurs VALUES('co22005.T01','04');
INSERT INTO occurs VALUES('co22005.T01','05');
INSERT INTO occurs VALUES('co22005.T01','06');
INSERT INTO occurs VALUES('co22005.T01','07');
INSERT INTO occurs VALUES('co22005.T01','08');
INSERT INTO occurs VALUES('co22005.T01','10');
INSERT INTO occurs VALUES('co22005.T01','11');
INSERT INTO occurs VALUES('co22005.T01','12');
INSERT INTO occurs VALUES('co22005.T01','13');
INSERT INTO occurs VALUES('co22005.T02','01');
INSERT INTO occurs VALUES('co22005.T02','02');
INSERT INTO occurs VALUES('co22005.T02','03');
INSERT INTO occurs VALUES('co22005.T02','04');
INSERT INTO occurs VALUES('co22005.T02','05');
INSERT INTO occurs VALUES('co22005.T02','06');
INSERT INTO occurs VALUES('co22005.T02','07');
INSERT INTO occurs VALUES('co22005.T02','08');
INSERT INTO occurs VALUES('co22005.T02','10');
INSERT INTO occurs VALUES('co22005.T02','11');
INSERT INTO occurs VALUES('co22005.T02','12');
INSERT INTO occurs VALUES('co22005.T02','13');
INSERT INTO occurs VALUES('co22005.T03','01');
INSERT INTO occurs VALUES('co22005.T03','02');
INSERT INTO occurs VALUES('co22005.T04','01');
INSERT INTO occurs VALUES('co22005.T04','02');
INSERT INTO occurs VALUES('co22005.T04','03');
INSERT INTO occurs VALUES('co22005.T04','04');
INSERT INTO occurs VALUES('co22005.T04','05');
INSERT INTO occurs VALUES('co22005.T04','06');
INSERT INTO occurs VALUES('co22005.T04','07');
INSERT INTO occurs VALUES('co22005.T04','08');
INSERT INTO occurs VALUES('co22005.T04','10');
INSERT INTO occurs VALUES('co22005.T04','11');
INSERT INTO occurs VALUES('co22005.T04','12');
INSERT INTO occurs VALUES('co22005.T04','13');
INSERT INTO occurs VALUES('co22005.T05','01');
INSERT INTO occurs VALUES('co22005.T05','02');
INSERT INTO occurs VALUES('co22005.T05','03');
INSERT INTO occurs VALUES('co22005.T05','04');
INSERT INTO occurs VALUES('co22005.T05','05');
INSERT INTO occurs VALUES('co22005.T05','06');
INSERT INTO occurs VALUES('co22005.T05','07');
INSERT INTO occurs VALUES('co22005.T05','08');
INSERT INTO occurs VALUES('co22005.T05','10');
INSERT INTO occurs VALUES('co22005.T05','11');
INSERT INTO occurs VALUES('co22005.T05','12');
INSERT INTO occurs VALUES('co22005.T05','13');
INSERT INTO occurs VALUES('co22005.T06','01');
INSERT INTO occurs VALUES('co22005.T06','02');
INSERT INTO occurs VALUES('co22005.T06','03');
INSERT INTO occurs VALUES('co22005.T06','04');
INSERT INTO occurs VALUES('co22005.T06','05');
INSERT INTO occurs VALUES('co22005.T06','06');
INSERT INTO occurs VALUES('co22005.T06','07');
INSERT INTO occurs VALUES('co22005.T06','08');
INSERT INTO occurs VALUES('co22005.T06','10');
INSERT INTO occurs VALUES('co22005.T06','11');
INSERT INTO occurs VALUES('co22005.T06','12');
INSERT INTO occurs VALUES('co22005.T06','13');
INSERT INTO occurs VALUES('co22005.T07','01');
INSERT INTO occurs VALUES('co22005.T07','02');
INSERT INTO occurs VALUES('co22005.T07','03');
INSERT INTO occurs VALUES('co22005.T07','04');
INSERT INTO occurs VALUES('co22005.T07','05');
INSERT INTO occurs VALUES('co22005.T07','06');
INSERT INTO occurs VALUES('co22005.T07','07');
INSERT INTO occurs VALUES('co22005.T07','08');
INSERT INTO occurs VALUES('co22005.T07','10');
INSERT INTO occurs VALUES('co22005.T07','11');
INSERT INTO occurs VALUES('co22005.T07','12');
INSERT INTO occurs VALUES('co22005.T07','13');
INSERT INTO occurs VALUES('co22005.T08','01');
INSERT INTO occurs VALUES('co22005.T08','02');
INSERT INTO occurs VALUES('co22005.T09','01');
INSERT INTO occurs VALUES('co22005.T09','02');
INSERT INTO occurs VALUES('co22005.T09','03');
INSERT INTO occurs VALUES('co22005.T09','04');
INSERT INTO occurs VALUES('co22005.T09','05');
INSERT INTO occurs VALUES('co22005.T09','06');
INSERT INTO occurs VALUES('co22005.T09','07');
INSERT INTO occurs VALUES('co22005.T09','08');
INSERT INTO occurs VALUES('co22005.T09','10');
INSERT INTO occurs VALUES('co22005.T09','11');
INSERT INTO occurs VALUES('co22005.T09','12');
INSERT INTO occurs VALUES('co22005.T09','13');
INSERT INTO occurs VALUES('co22005.T10','01');
INSERT INTO occurs VALUES('co22005.T10','02');
INSERT INTO occurs VALUES('co22005.T10','03');
INSERT INTO occurs VALUES('co22005.T10','04');
INSERT INTO occurs VALUES('co22005.T10','05');
INSERT INTO occurs VALUES('co22005.T10','06');
INSERT INTO occurs VALUES('co22005.T10','07');
INSERT INTO occurs VALUES('co22005.T10','08');
INSERT INTO occurs VALUES('co22005.T10','10');
INSERT INTO occurs VALUES('co22005.T10','11');
INSERT INTO occurs VALUES('co22005.T10','12');
INSERT INTO occurs VALUES('co22005.T10','13');
INSERT INTO occurs VALUES('co22006.L01','01');
INSERT INTO occurs VALUES('co22006.L01','02');
INSERT INTO occurs VALUES('co22006.L01','03');
INSERT INTO occurs VALUES('co22006.L01','04');
INSERT INTO occurs VALUES('co22006.L01','05');
INSERT INTO occurs VALUES('co22006.L01','06');
INSERT INTO occurs VALUES('co22006.L01','07');
INSERT INTO occurs VALUES('co22006.L01','08');
INSERT INTO occurs VALUES('co22006.L01','10');
INSERT INTO occurs VALUES('co22006.L01','11');
INSERT INTO occurs VALUES('co22006.L01','12');
INSERT INTO occurs VALUES('co22006.L01','13');
INSERT INTO occurs VALUES('co22006.L02','01');
INSERT INTO occurs VALUES('co22006.L02','02');
INSERT INTO occurs VALUES('co22006.L02','03');
INSERT INTO occurs VALUES('co22006.L02','04');
INSERT INTO occurs VALUES('co22006.L02','05');
INSERT INTO occurs VALUES('co22006.L02','06');
INSERT INTO occurs VALUES('co22006.L02','07');
INSERT INTO occurs VALUES('co22006.L02','08');
INSERT INTO occurs VALUES('co22006.L02','10');
INSERT INTO occurs VALUES('co22006.L02','11');
INSERT INTO occurs VALUES('co22006.L02','12');
INSERT INTO occurs VALUES('co22006.L02','13');
INSERT INTO occurs VALUES('co22006.L03','01');
INSERT INTO occurs VALUES('co22006.L03','02');
INSERT INTO occurs VALUES('co22006.T01','01');
INSERT INTO occurs VALUES('co22006.T01','02');
INSERT INTO occurs VALUES('co22006.T01','03');
INSERT INTO occurs VALUES('co22006.T01','04');
INSERT INTO occurs VALUES('co22006.T01','05');
INSERT INTO occurs VALUES('co22006.T01','06');
INSERT INTO occurs VALUES('co22006.T01','07');
INSERT INTO occurs VALUES('co22006.T01','08');
INSERT INTO occurs VALUES('co22006.T01','10');
INSERT INTO occurs VALUES('co22006.T01','11');
INSERT INTO occurs VALUES('co22006.T01','12');
INSERT INTO occurs VALUES('co22006.T01','13');
INSERT INTO occurs VALUES('co22006.T02','01');
INSERT INTO occurs VALUES('co22006.T02','02');
INSERT INTO occurs VALUES('co22006.T02','03');
INSERT INTO occurs VALUES('co22006.T02','04');
INSERT INTO occurs VALUES('co22006.T02','05');
INSERT INTO occurs VALUES('co22006.T02','06');
INSERT INTO occurs VALUES('co22006.T02','07');
INSERT INTO occurs VALUES('co22006.T02','08');
INSERT INTO occurs VALUES('co22006.T02','10');
INSERT INTO occurs VALUES('co22006.T02','11');
INSERT INTO occurs VALUES('co22006.T02','12');
INSERT INTO occurs VALUES('co22006.T02','13');
INSERT INTO occurs VALUES('co22006.T03','01');
INSERT INTO occurs VALUES('co22006.T03','02');
INSERT INTO occurs VALUES('co22006.T03','03');
INSERT INTO occurs VALUES('co22006.T03','04');
INSERT INTO occurs VALUES('co22006.T03','05');
INSERT INTO occurs VALUES('co22006.T03','06');
INSERT INTO occurs VALUES('co22006.T03','07');
INSERT INTO occurs VALUES('co22006.T03','08');
INSERT INTO occurs VALUES('co22006.T03','10');
INSERT INTO occurs VALUES('co22006.T03','11');
INSERT INTO occurs VALUES('co22006.T03','12');
INSERT INTO occurs VALUES('co22006.T03','13');
INSERT INTO occurs VALUES('co22006.T04','01');
INSERT INTO occurs VALUES('co22006.T04','02');
INSERT INTO occurs VALUES('co22006.T04','03');
INSERT INTO occurs VALUES('co22006.T04','04');
INSERT INTO occurs VALUES('co22006.T04','05');
INSERT INTO occurs VALUES('co22006.T04','06');
INSERT INTO occurs VALUES('co22006.T04','07');
INSERT INTO occurs VALUES('co22006.T04','08');
INSERT INTO occurs VALUES('co22006.T04','10');
INSERT INTO occurs VALUES('co22006.T04','11');
INSERT INTO occurs VALUES('co22006.T04','12');
INSERT INTO occurs VALUES('co22006.T04','13');
INSERT INTO occurs VALUES('co22007.L01','01');
INSERT INTO occurs VALUES('co22007.L01','02');
INSERT INTO occurs VALUES('co22007.T01','01');
INSERT INTO occurs VALUES('co22007.T01','02');
INSERT INTO occurs VALUES('co22007.T01','03');
INSERT INTO occurs VALUES('co22007.T01','04');
INSERT INTO occurs VALUES('co22007.T01','05');
INSERT INTO occurs VALUES('co22007.T01','06');
INSERT INTO occurs VALUES('co22007.T01','07');
INSERT INTO occurs VALUES('co22007.T01','08');
INSERT INTO occurs VALUES('co22007.T01','10');
INSERT INTO occurs VALUES('co22007.T01','11');
INSERT INTO occurs VALUES('co22007.T01','12');
INSERT INTO occurs VALUES('co22007.T01','13');
INSERT INTO occurs VALUES('co22007.T02','01');
INSERT INTO occurs VALUES('co22007.T02','02');
INSERT INTO occurs VALUES('co22007.T02','03');
INSERT INTO occurs VALUES('co22007.T02','04');
INSERT INTO occurs VALUES('co22007.T02','05');
INSERT INTO occurs VALUES('co22007.T02','06');
INSERT INTO occurs VALUES('co22007.T02','07');
INSERT INTO occurs VALUES('co22007.T02','08');
INSERT INTO occurs VALUES('co22007.T02','10');
INSERT INTO occurs VALUES('co22007.T02','11');
INSERT INTO occurs VALUES('co22007.T02','12');
INSERT INTO occurs VALUES('co22007.T02','13');
INSERT INTO occurs VALUES('co22007.T03','01');
INSERT INTO occurs VALUES('co22007.T03','02');
INSERT INTO occurs VALUES('co22007.T03','03');
INSERT INTO occurs VALUES('co22007.T03','04');
INSERT INTO occurs VALUES('co22007.T03','05');
INSERT INTO occurs VALUES('co22007.T03','06');
INSERT INTO occurs VALUES('co22007.T03','07');
INSERT INTO occurs VALUES('co22007.T03','08');
INSERT INTO occurs VALUES('co22007.T03','10');
INSERT INTO occurs VALUES('co22007.T03','11');
INSERT INTO occurs VALUES('co22007.T03','12');
INSERT INTO occurs VALUES('co22007.T03','13');
INSERT INTO occurs VALUES('co22007.T04','01');
INSERT INTO occurs VALUES('co22007.T04','02');
INSERT INTO occurs VALUES('co22007.T04','03');
INSERT INTO occurs VALUES('co22007.T04','04');
INSERT INTO occurs VALUES('co22007.T04','05');
INSERT INTO occurs VALUES('co22007.T04','06');
INSERT INTO occurs VALUES('co22007.T04','07');
INSERT INTO occurs VALUES('co22007.T04','08');
INSERT INTO occurs VALUES('co22007.T04','10');
INSERT INTO occurs VALUES('co22007.T04','11');
INSERT INTO occurs VALUES('co22007.T04','12');
INSERT INTO occurs VALUES('co22007.T04','13');
INSERT INTO occurs VALUES('co22007.T05','01');
INSERT INTO occurs VALUES('co22007.T05','02');
INSERT INTO occurs VALUES('co22007.T06','01');
INSERT INTO occurs VALUES('co22007.T06','02');
INSERT INTO occurs VALUES('co22007.T06','03');
INSERT INTO occurs VALUES('co22007.T06','04');
INSERT INTO occurs VALUES('co22007.T06','05');
INSERT INTO occurs VALUES('co22007.T06','06');
INSERT INTO occurs VALUES('co22007.T06','07');
INSERT INTO occurs VALUES('co22007.T06','08');
INSERT INTO occurs VALUES('co22007.T06','10');
INSERT INTO occurs VALUES('co22007.T06','11');
INSERT INTO occurs VALUES('co22007.T06','12');
INSERT INTO occurs VALUES('co22007.T06','13');
INSERT INTO occurs VALUES('co22008.L01','01');
INSERT INTO occurs VALUES('co22008.L01','02');
INSERT INTO occurs VALUES('co22008.L01','03');
INSERT INTO occurs VALUES('co22008.L01','04');
INSERT INTO occurs VALUES('co22008.L01','05');
INSERT INTO occurs VALUES('co22008.L01','06');
INSERT INTO occurs VALUES('co22008.L01','07');
INSERT INTO occurs VALUES('co22008.L01','08');
INSERT INTO occurs VALUES('co22008.L01','10');
INSERT INTO occurs VALUES('co22008.L01','11');
INSERT INTO occurs VALUES('co22008.L01','12');
INSERT INTO occurs VALUES('co22008.L01','13');
INSERT INTO occurs VALUES('co22008.L02','01');
INSERT INTO occurs VALUES('co22008.L02','02');
INSERT INTO occurs VALUES('co22008.L02','03');
INSERT INTO occurs VALUES('co22008.L02','04');
INSERT INTO occurs VALUES('co22008.L02','05');
INSERT INTO occurs VALUES('co22008.L02','06');
INSERT INTO occurs VALUES('co22008.L02','07');
INSERT INTO occurs VALUES('co22008.L02','08');
INSERT INTO occurs VALUES('co22008.L02','10');
INSERT INTO occurs VALUES('co22008.L02','11');
INSERT INTO occurs VALUES('co22008.L02','12');
INSERT INTO occurs VALUES('co22008.L02','13');
INSERT INTO occurs VALUES('co22008.T01','01');
INSERT INTO occurs VALUES('co22008.T01','02');
INSERT INTO occurs VALUES('co22008.T01','03');
INSERT INTO occurs VALUES('co22008.T01','04');
INSERT INTO occurs VALUES('co22008.T01','05');
INSERT INTO occurs VALUES('co22008.T01','06');
INSERT INTO occurs VALUES('co22008.T01','07');
INSERT INTO occurs VALUES('co22008.T01','08');
INSERT INTO occurs VALUES('co22008.T01','10');
INSERT INTO occurs VALUES('co22008.T01','11');
INSERT INTO occurs VALUES('co22008.T01','12');
INSERT INTO occurs VALUES('co22008.T01','13');
INSERT INTO occurs VALUES('co22008.T02','01');
INSERT INTO occurs VALUES('co22008.T02','02');
INSERT INTO occurs VALUES('co22008.T03','01');
INSERT INTO occurs VALUES('co22008.T03','02');
INSERT INTO occurs VALUES('co22008.T03','03');
INSERT INTO occurs VALUES('co22008.T03','04');
INSERT INTO occurs VALUES('co22008.T03','05');
INSERT INTO occurs VALUES('co22008.T03','06');
INSERT INTO occurs VALUES('co22008.T03','07');
INSERT INTO occurs VALUES('co22008.T03','08');
INSERT INTO occurs VALUES('co22008.T03','10');
INSERT INTO occurs VALUES('co22008.T03','11');
INSERT INTO occurs VALUES('co22008.T03','12');
INSERT INTO occurs VALUES('co22008.T03','13');
INSERT INTO occurs VALUES('co22008.T04','01');
INSERT INTO occurs VALUES('co22008.T04','02');
INSERT INTO occurs VALUES('co22008.T04','03');
INSERT INTO occurs VALUES('co22008.T04','04');
INSERT INTO occurs VALUES('co22008.T04','05');
INSERT INTO occurs VALUES('co22008.T04','06');
INSERT INTO occurs VALUES('co22008.T04','07');
INSERT INTO occurs VALUES('co22008.T04','08');
INSERT INTO occurs VALUES('co22008.T04','10');
INSERT INTO occurs VALUES('co22008.T04','11');
INSERT INTO occurs VALUES('co22008.T04','12');
INSERT INTO occurs VALUES('co22008.T04','13');
INSERT INTO occurs VALUES('co22008.T05','01');
INSERT INTO occurs VALUES('co22008.T05','02');
INSERT INTO occurs VALUES('co22008.T05','03');
INSERT INTO occurs VALUES('co22008.T05','04');
INSERT INTO occurs VALUES('co22008.T05','05');
INSERT INTO occurs VALUES('co22008.T05','06');
INSERT INTO occurs VALUES('co22008.T05','07');
INSERT INTO occurs VALUES('co22008.T05','08');
INSERT INTO occurs VALUES('co22008.T05','10');
INSERT INTO occurs VALUES('co22008.T05','11');
INSERT INTO occurs VALUES('co22008.T05','12');
INSERT INTO occurs VALUES('co22008.T05','13');
INSERT INTO occurs VALUES('co22009.L01','01');
INSERT INTO occurs VALUES('co22009.L01','02');
INSERT INTO occurs VALUES('co22009.L01','03');
INSERT INTO occurs VALUES('co22009.L01','04');
INSERT INTO occurs VALUES('co22009.L01','05');
INSERT INTO occurs VALUES('co22009.L01','06');
INSERT INTO occurs VALUES('co22009.L01','07');
INSERT INTO occurs VALUES('co22009.L01','08');
INSERT INTO occurs VALUES('co22009.L01','10');
INSERT INTO occurs VALUES('co22009.L01','11');
INSERT INTO occurs VALUES('co22009.L01','12');
INSERT INTO occurs VALUES('co22009.L01','13');
INSERT INTO occurs VALUES('co22009.T01','01');
INSERT INTO occurs VALUES('co22009.T01','02');
INSERT INTO occurs VALUES('co22009.T02','01');
INSERT INTO occurs VALUES('co22009.T02','02');
INSERT INTO occurs VALUES('co22009.T02','03');
INSERT INTO occurs VALUES('co22009.T02','04');
INSERT INTO occurs VALUES('co22009.T02','05');
INSERT INTO occurs VALUES('co22009.T02','06');
INSERT INTO occurs VALUES('co22009.T02','07');
INSERT INTO occurs VALUES('co22009.T02','08');
INSERT INTO occurs VALUES('co22009.T02','10');
INSERT INTO occurs VALUES('co22009.T02','11');
INSERT INTO occurs VALUES('co22009.T02','12');
INSERT INTO occurs VALUES('co22009.T02','13');
INSERT INTO occurs VALUES('co22020.L01','01');
INSERT INTO occurs VALUES('co22020.L01','02');
INSERT INTO occurs VALUES('co22020.L01','03');
INSERT INTO occurs VALUES('co22020.L01','04');
INSERT INTO occurs VALUES('co22020.L01','05');
INSERT INTO occurs VALUES('co22020.L01','06');
INSERT INTO occurs VALUES('co22020.L01','07');
INSERT INTO occurs VALUES('co22020.L01','08');
INSERT INTO occurs VALUES('co22020.L01','10');
INSERT INTO occurs VALUES('co22020.L01','11');
INSERT INTO occurs VALUES('co22020.L01','12');
INSERT INTO occurs VALUES('co22020.L01','13');
INSERT INTO occurs VALUES('co22020.T01','01');
INSERT INTO occurs VALUES('co22020.T01','02');
INSERT INTO occurs VALUES('co22020.T01','03');
INSERT INTO occurs VALUES('co22020.T01','04');
INSERT INTO occurs VALUES('co22020.T01','05');
INSERT INTO occurs VALUES('co22020.T01','06');
INSERT INTO occurs VALUES('co22020.T01','07');
INSERT INTO occurs VALUES('co22020.T01','08');
INSERT INTO occurs VALUES('co22020.T01','10');
INSERT INTO occurs VALUES('co22020.T01','11');
INSERT INTO occurs VALUES('co22020.T01','12');
INSERT INTO occurs VALUES('co22020.T01','13');
INSERT INTO occurs VALUES('co22020.T02','01');
INSERT INTO occurs VALUES('co22020.T02','02');
INSERT INTO occurs VALUES('co22020.T02','03');
INSERT INTO occurs VALUES('co22020.T02','04');
INSERT INTO occurs VALUES('co22020.T02','05');
INSERT INTO occurs VALUES('co22020.T02','06');
INSERT INTO occurs VALUES('co22020.T02','07');
INSERT INTO occurs VALUES('co22020.T02','08');
INSERT INTO occurs VALUES('co22020.T02','10');
INSERT INTO occurs VALUES('co22020.T02','11');
INSERT INTO occurs VALUES('co22020.T02','12');
INSERT INTO occurs VALUES('co22020.T02','13');
INSERT INTO occurs VALUES('co22020.T03','01');
INSERT INTO occurs VALUES('co22020.T03','02');
INSERT INTO occurs VALUES('co22020.T04','01');
INSERT INTO occurs VALUES('co22020.T04','02');
INSERT INTO occurs VALUES('co22020.T04','03');
INSERT INTO occurs VALUES('co22020.T04','04');
INSERT INTO occurs VALUES('co22020.T04','05');
INSERT INTO occurs VALUES('co22020.T04','06');
INSERT INTO occurs VALUES('co22020.T04','07');
INSERT INTO occurs VALUES('co22020.T04','08');
INSERT INTO occurs VALUES('co22020.T04','10');
INSERT INTO occurs VALUES('co22020.T04','11');
INSERT INTO occurs VALUES('co22020.T04','12');
INSERT INTO occurs VALUES('co22020.T04','13');
INSERT INTO occurs VALUES('co22020.T05','01');
INSERT INTO occurs VALUES('co22020.T05','02');
INSERT INTO occurs VALUES('co22020.T05','03');
INSERT INTO occurs VALUES('co22020.T05','04');
INSERT INTO occurs VALUES('co22020.T05','05');
INSERT INTO occurs VALUES('co22020.T05','06');
INSERT INTO occurs VALUES('co22020.T05','07');
INSERT INTO occurs VALUES('co22020.T05','08');
INSERT INTO occurs VALUES('co22020.T05','10');
INSERT INTO occurs VALUES('co22020.T05','11');
INSERT INTO occurs VALUES('co22020.T05','12');
INSERT INTO occurs VALUES('co22020.T05','13');
INSERT INTO occurs VALUES('co22022.L01','01');
INSERT INTO occurs VALUES('co22022.L01','02');
INSERT INTO occurs VALUES('co22022.L01','03');
INSERT INTO occurs VALUES('co22022.L01','04');
INSERT INTO occurs VALUES('co22022.L01','05');
INSERT INTO occurs VALUES('co22022.L01','06');
INSERT INTO occurs VALUES('co22022.L01','07');
INSERT INTO occurs VALUES('co22022.L01','08');
INSERT INTO occurs VALUES('co22022.L01','10');
INSERT INTO occurs VALUES('co22022.L01','11');
INSERT INTO occurs VALUES('co22022.L01','12');
INSERT INTO occurs VALUES('co22022.L01','13');
INSERT INTO occurs VALUES('co22022.T01','01');
INSERT INTO occurs VALUES('co22022.T01','02');
INSERT INTO occurs VALUES('co22022.T01','03');
INSERT INTO occurs VALUES('co22022.T01','04');
INSERT INTO occurs VALUES('co22022.T01','05');
INSERT INTO occurs VALUES('co22022.T01','06');
INSERT INTO occurs VALUES('co22022.T01','07');
INSERT INTO occurs VALUES('co22022.T01','08');
INSERT INTO occurs VALUES('co22022.T01','10');
INSERT INTO occurs VALUES('co22022.T01','11');
INSERT INTO occurs VALUES('co22022.T01','12');
INSERT INTO occurs VALUES('co22022.T01','13');
INSERT INTO occurs VALUES('co32003.L01','01');
INSERT INTO occurs VALUES('co32003.L01','02');
INSERT INTO occurs VALUES('co32003.T01','01');
INSERT INTO occurs VALUES('co32003.T01','02');
INSERT INTO occurs VALUES('co32003.T01','03');
INSERT INTO occurs VALUES('co32003.T01','04');
INSERT INTO occurs VALUES('co32003.T01','05');
INSERT INTO occurs VALUES('co32003.T01','06');
INSERT INTO occurs VALUES('co32003.T01','07');
INSERT INTO occurs VALUES('co32003.T01','08');
INSERT INTO occurs VALUES('co32003.T01','10');
INSERT INTO occurs VALUES('co32003.T01','11');
INSERT INTO occurs VALUES('co32003.T01','12');
INSERT INTO occurs VALUES('co32003.T01','13');
INSERT INTO occurs VALUES('co32005.L01','01');
INSERT INTO occurs VALUES('co32005.L01','02');
INSERT INTO occurs VALUES('co32005.L01','03');
INSERT INTO occurs VALUES('co32005.L01','04');
INSERT INTO occurs VALUES('co32005.L01','05');
INSERT INTO occurs VALUES('co32005.L01','06');
INSERT INTO occurs VALUES('co32005.L01','07');
INSERT INTO occurs VALUES('co32005.L01','08');
INSERT INTO occurs VALUES('co32005.L01','10');
INSERT INTO occurs VALUES('co32005.L01','11');
INSERT INTO occurs VALUES('co32005.L01','12');
INSERT INTO occurs VALUES('co32005.L01','13');
INSERT INTO occurs VALUES('co32005.T04','01');
INSERT INTO occurs VALUES('co32005.T04','02');
INSERT INTO occurs VALUES('co32005.T04','03');
INSERT INTO occurs VALUES('co32005.T04','04');
INSERT INTO occurs VALUES('co32005.T04','05');
INSERT INTO occurs VALUES('co32005.T04','06');
INSERT INTO occurs VALUES('co32005.T04','07');
INSERT INTO occurs VALUES('co32005.T04','08');
INSERT INTO occurs VALUES('co32005.T04','10');
INSERT INTO occurs VALUES('co32005.T04','11');
INSERT INTO occurs VALUES('co32005.T04','12');
INSERT INTO occurs VALUES('co32005.T04','13');
INSERT INTO occurs VALUES('co32005.T05','01');
INSERT INTO occurs VALUES('co32005.T05','02');
INSERT INTO occurs VALUES('co32005.T05','03');
INSERT INTO occurs VALUES('co32005.T05','04');
INSERT INTO occurs VALUES('co32005.T05','05');
INSERT INTO occurs VALUES('co32005.T05','06');
INSERT INTO occurs VALUES('co32005.T05','07');
INSERT INTO occurs VALUES('co32005.T05','08');
INSERT INTO occurs VALUES('co32005.T05','10');
INSERT INTO occurs VALUES('co32005.T05','11');
INSERT INTO occurs VALUES('co32005.T05','12');
INSERT INTO occurs VALUES('co32005.T05','13');
INSERT INTO occurs VALUES('co32011.L01','01');
INSERT INTO occurs VALUES('co32011.L01','02');

/*---------------------------------------------PoblarNoOK---------------------------------------------*/
/*--------------------------------staff-------------------------------*/
INSERT INTO staff(id, name) VALUES('12', 1);
/*--------------------------------modle-------------------------------*/
INSERT INTO modle(id,name) VALUES(5, 12/26/2022); 
/*--------------------------------event-------------------------------*/
INSERT INTO event(id,modle, kind, dow, tod, duration, room) VALUES('xdder', 45, 'jui', 9, 'j47', 'two hours', 'edifice56'); 


/*---------------------------------------------Consultas---------------------------------------------*/

-- List the names of the staff who teach on module co72010.
SELECT name 
FROM staff
WHERE id IN(
	SELECT staff
    FROM teaches
    WHERE event IN(
		SELECT id
		FROM event
		WHERE modle = 'co72010')
);

-- Cuantos eventos se hacen por dia 

SELECT dow AS DiaSemana, COUNT(*) AS NumEventos
FROM event 
GROUP BY dow
ORDER BY NumEventos DESC;  

/*---------------------------------------------XPoblar---------------------------------------------*/

DELETE FROM staff;
DELETE FROM modle;
DELETE FROM event;
DELETE FROM teaches;
DELETE FROM occurs;

/*---------------------------------------------XTablas---------------------------------------------*/
DROP TABLE staff;
DROP TABLE modle;
DROP TABLE event;
DROP TABLE teaches;
DROP TABLE occurs;